{
    "black_box_symb_quant": "\\sum_{j}(-0.24*tanh(18.28*x_j**3)) + 0.54",
    "black_box_symb": "\\sum_{j}( -0.2435944*tanh(18.2763828072786*x_j**3)) + 0.53746516 + 5.1203708e-5*exp(-3*x_i)",
    "black_box_symb_test_MAE": 0.20222909251848856,
    "black_box_symb_test_Var": 0.00010808374157416583,
    "black_box_symb_test_Std": 0.010396333083071446,
    "black_box_exec_time": 483.2842639684677,
    "Number of params": 4738,
    "model_test_MAE": 0.2536923885345459,
    "model_test_Var": 0.00017845275121667706,
    "model_test_Std": 0.013358620857583953
}