{
    "black_box_symb_quant": "\\sum_{j}(-0.24*tanh(18.27*x_j**3)) + 0.54",
    "black_box_symb": "\\sum_{j}( -0.24370082*tanh(18.2742222705277*x_j**3)) - 3.5508732e-5*tanh(x_i) + 0.5374944",
    "black_box_symb_test_MAE": 0.20231873293717703,
    "black_box_symb_test_Var": 0.00010820648379233292,
    "black_box_symb_test_Std": 0.01040223455764832,
    "black_box_exec_time": 17.32046866416931,
    "Number of params": 4738,
    "model_test_MAE": 0.2536923885345459,
    "model_test_Var": 0.00017845275121667706,
    "model_test_Std": 0.013358620857583953
}