,complexity,loss,score,sympy_format
3,5,9.548695e-08,10.338873447208194,x1*x0*(-0.49980995)
1,3,0.003116135,0.15835759565518379,x1*(-0.20599845)
2,4,0.002951615,0.05424097366677317,tanh(x1)*(-0.23738971)
4,7,9.4009756e-08,0.007795512408073174,tanh(tan(x0*x1*(-0.4998982)))
0,1,0.004277243,0.0,-0.100921830000000
