,complexity,loss,score,sympy_format
2,5,4.684239e-07,4.642089040071997,x0*(-0.4994077) - 1*(-0.99956864)
1,4,4.8604077e-05,1.8259348675370166,log(2.6246527 - x0)
3,7,4.684179e-07,6.4044964689806386e-06,(x0 + 0.021867795)*(-0.4994077) - 1*(-1.0104896)
0,1,0.011631963,0.0,0.713646950000000
