{"lr": 0.000983892444801833, "lamb": 0.0, "batch_size": 16, "n_hidden_layers_g_net": 2, "hidden_dims_g_net": 40, "af_g_net": "relu", "drop_p_g_net": 0.001106468873607265, "n_hidden_layers_h_net": 1, "hidden_dims_h_net": 48, "af_h_net": "softplus", "drop_p_h_net": 0.0002680927953506161}