{"lr": 0.000730575231042883, "lamb": 1.0, "batch_size": 32, "use_orig_reg": true, "lamb_g_net": 2.6230145437256376e-05, "lamb_h_net": 0.0004080217855489755, "grid_size_g_net": 15, "spline_order_g_net": 1, "range_limit_g_net": 1, "mu_1_g_net": 0.5, "mu_2_g_net": 0.7000000000000001, "hidden_dim_g_net": 1, "grid_size_h_net": 19, "spline_order_h_net": 3, "range_limit_h_net": 3, "mu_1_h_net": 0.8, "mu_2_h_net": 0.30000000000000004, "hidden_dim_h_net": 5}