{
    "black_box_symb_quant": "\\sum_{j}(0.2*x_j**3) - 0.5*x_i",
    "black_box_symb": "\\sum_{j}( 0.200042429922066*x_j**3) - 0.4999276*x_i",
    "black_box_symb_test_MAE": 1.732091610999002e-05,
    "black_box_symb_test_Var": 2.1623111030536024e-12,
    "black_box_symb_test_Std": 1.4704798886940286e-06,
    "black_box_exec_time": 11.852463483810425,
    "spline_wise_symb_quant": "\\sum_{j}(0.15*x_j**3 + 0.01*x_j**2 + 0.02*x_j) - 0.29*x_i - 0.17*tanh(1.43*x_i - 0.08) - 0.01",
    "spline_wise_symb": "\\sum_{j}( 0.147436911725198*x_j**3 + 0.00661481846717002*x_j**2 + 0.0204360149063404*x_j) - 0.286288588196007*x_i - 0.174423011263706*tanh(1.42705364409437*x_i - 0.077983242891135) - 0.0122443304778512",
    "spline_wise_symb_test_MAE": 0.005407416261732578,
    "spline_wise_symb_test_Var": 1.0107974485553245e-06,
    "spline_wise_symb_test_Std": 0.001005384229315004,
    "spline_wise_exec_time": 9.096395611763,
    "Number of params": 294,
    "model_test_MAE": 0.00026198988295315456,
    "model_test_Var": 2.1526992571854367e-09,
    "model_test_Std": 4.639719018631879e-05
}