{
    "spline_wise_symb_quant": "\\sum_{j}(0.1*tan(1.48*(x_j + 0.02)**3 - 3.22) + 0.01) - 0.28*tan(3.41*sin(0.29*x_i + 0.3) - 1.03) - 0.4*tan(0.35*sin(1.69*x_i - 0.08) + 3.22) + 0.02",
    "spline_wise_symb": "\\sum_{j}( 0.104191653430462*tan(1.48145613036892*(x_j + 0.0200006644355334)**3 - 3.21991852760751) + 0.00821056589484215) - 0.2816561460495*tan(3.41087605904835*sin(0.287079930305481*x_i + 0.30227991938591) - 1.03095151001077) - 0.404290169477463*tan(0.348197585913587*sin(1.68847990036011*x_i - 0.0801599323749542) + 3.22000134417238) + 0.0161566245369613",
    "spline_wise_symb_test_MAE": 0.015657062797496717,
    "spline_wise_symb_test_Var": 6.853150027540926e-05,
    "spline_wise_symb_test_Std": 0.008278375461128184,
    "spline_wise_exec_time": 14.044211626052856,
    "spline_wise_g_symb": "0.104191653430462*tan(1.48145613036892*(x_j + 0.0200006644355334)**3 - 3.21991852760751) + 0.00821056589484215",
    "spline_wise_h_symb": "-0.2816561460495*tan(3.41087605904835*sin(0.287079930305481*x_i + 0.30227991938591) - 1.03095151001077) - 0.404290169477463*tan(0.348197585913587*sin(1.68847990036011*x_i - 0.0801599323749542) + 3.22000134417238) + 0.0161566245369613",
    "Number of params": 294,
    "model_test_MAE": 0.00026198988295315456,
    "model_test_Var": 2.1526992571854367e-09,
    "model_test_Std": 4.639719018631879e-05
}