{
    "black_box_symb_quant": "\\sum_{j}(-0.43*sin(x_i - x_j)) + 1.99 + 1.18*exp(-x_i)",
    "black_box_symb": "\\sum_{j}( -0.42680103*sin(x_i - x_j)) + 1.9862393 + 1.18279683128756*exp(-x_i)",
    "black_box_symb_test_MAE": 0.06903594732284546,
    "black_box_symb_test_Var": 9.426101994317962e-06,
    "black_box_symb_test_Std": 0.003070195758305643,
    "black_box_exec_time": 54.30357563495636,
    "Number of params": 1986,
    "model_test_MAE": 0.11503128210703532,
    "model_test_Var": 1.7551835922089176e-05,
    "model_test_Std": 0.004189491129252952
}