{
    "black_box_symb_quant": "\\sum_{j}(-0.43*sin(x_i - x_j)) - tanh(0.64*x_i) + 2.99",
    "black_box_symb": "\\sum_{j}( -0.42680126*sin(x_i - x_j)) - tanh(0.64248036483633*x_i) + 2.9945838",
    "black_box_symb_test_MAE": 0.06799332052469254,
    "black_box_symb_test_Var": 2.593113817450643e-06,
    "black_box_symb_test_Std": 0.0016103148193600664,
    "black_box_exec_time": 39.01816666126251,
    "Number of params": 1986,
    "model_test_MAE": 0.11503128210703532,
    "model_test_Var": 1.7551835922089176e-05,
    "model_test_Std": 0.004189491129252952
}