{
    "tss_test_mae_": 0.1941202183564504,
    "tss_test_var_": 0.0005310114619173017,
    "tss_test_std_": 0.023043685944685623,
    "tss_test_mae_70db": 0.053738709539175034,
    "tss_test_var_70db": 5.180841923608607e-05,
    "tss_test_std_70db": 0.007197806557284384,
    "tss_test_mae_50db": 0.016693448647856712,
    "tss_test_var_50db": 8.436841921384436e-06,
    "tss_test_std_50db": 0.002904624230668132,
    "tss_test_mae_20db": 0.08860065788030624,
    "tss_test_var_20db": 4.077819097984363e-06,
    "tss_test_std_20db": 0.002019361061817416
}