{"lr": 0.0007993340025607105, "lamb": 0.0, "batch_size": 64, "n_hidden_layers_g_net": 2, "hidden_dims_g_net": 32, "af_g_net": "softplus", "drop_p_g_net": 0.00287947441829869, "n_hidden_layers_h_net": 2, "hidden_dims_h_net": 8, "af_h_net": "relu", "drop_p_h_net": 0.0010816165996592386}