{
    "black_box_symb_quant": "\\sum_{j}(0.19*x_j**3) - 0.49*x_i",
    "black_box_symb": "\\sum_{j}( 0.194854968789547*x_j**3) - 0.4946516*x_i",
    "black_box_symb_test_MAE": 0.0010890645207837224,
    "black_box_symb_test_Var": 3.816141427174389e-09,
    "black_box_symb_test_Std": 6.177492555377455e-05,
    "black_box_exec_time": 11.68169116973877,
    "Number of params": 1282,
    "model_test_MAE": 0.003488447361936172,
    "model_test_Var": 6.638719206682322e-07,
    "model_test_Std": 0.0008147833581193421
}