{
    "black_box_symb_quant": "\\sum_{j}(0.19*x_j**3) - 0.49*x_i",
    "black_box_symb": "\\sum_{j}( 0.194854968789547*x_j**3) - 0.4946516*x_i",
    "black_box_symb_test_MAE": 0.0010909665919219453,
    "black_box_symb_test_Var": 3.826206154585381e-09,
    "black_box_symb_test_Std": 6.185633479754018e-05,
    "black_box_exec_time": 17.81390643119812,
    "Number of params": 1282,
    "model_test_MAE": 0.003493684188773235,
    "model_test_Var": 6.654545324157585e-07,
    "model_test_Std": 0.0008157539656144851
}