{
    "black_box_symb_quant": "\\sum_{j}(0.01 - 0.01*x_j) - x_i + 0.77",
    "black_box_symb": "\\sum_{j}( 0.008639770081464 - 0.010442526*x_j) - x_i + 0.7695294",
    "black_box_symb_test_MAE": 0.0782056525349617,
    "black_box_symb_test_Var": 1.0262666949626778e-05,
    "black_box_symb_test_Std": 0.003203539753089819,
    "black_box_exec_time": 135.82998406887054,
    "spline_wise_symb_quant": "\\sum_{j}(0.0) - 1.09*tanh(88.87*x_i - 39.69) + 0.17*tanh(78.18*sin(10.47*x_i - 5.14) - 24.74) + 0.9*tanh(18.54*tanh(9.74*x_i - 4.92) + 25.3) + 0.09",
    "spline_wise_symb": "\\sum_{j}( 0.000519939203360971) - 1.09352594498838*tanh(88.866085452992*x_i - 39.6865197024982) + 0.170402924871594*tanh(78.1797289576459*sin(10.4677492301478*x_i - 5.13558673933183) - 24.7378638813145) + 0.898039940401488*tanh(18.5373507315067*tanh(9.73605361894922*x_i - 4.91796011269167) + 25.2963382759688) + 0.0912008354250898",
    "spline_wise_symb_test_MAE": 0.10970642666021983,
    "spline_wise_symb_test_Var": 1.5353572431591684e-05,
    "spline_wise_symb_test_Std": 0.003918363488957052,
    "spline_wise_exec_time": 11.099082231521606,
    "Number of params": 174,
    "model_test_MAE": 0.1770920753479004,
    "model_test_Var": 9.097893966740027e-05,
    "model_test_Std": 0.00953828808892876
}