{
    "black_box_symb_quant": "\\sum_{j}(-0.48*x_i*x_j) - log(x_i + 1) + 1.18",
    "black_box_symb": "\\sum_{j}( -0.476570643400869*x_i*x_j) - log(x_i + 1) + 1.1789709",
    "black_box_symb_test_MAE": 0.011758240250249704,
    "black_box_symb_test_Var": 2.1647999538355274e-07,
    "black_box_symb_test_Std": 0.00046527410779405374,
    "black_box_exec_time": 119.9755527973175,
    "Number of params": 7924,
    "model_test_MAE": 0.010532309611638388,
    "model_test_Var": 2.837493110850703e-06,
    "model_test_Std": 0.0016844860079118207
}