{"lr": 0.002519133818149948, "lamb": 0.0, "batch_size": 64, "n_hidden_layers_g_net": 1, "hidden_dims_g_net": 48, "af_g_net": "relu", "drop_p_g_net": 0.013983049748743598, "n_hidden_layers_h_net": 2, "hidden_dims_h_net": 40, "af_h_net": "relu", "drop_p_h_net": 0.0001753228013711757}