{
    "black_box_symb_quant": "\\sum_{j}(0.2*x_j**3) - 0.5*x_i",
    "black_box_symb": "\\sum_{j}( 0.197325724628776*x_j**3) - 0.49980032*x_i",
    "black_box_symb_test_MAE": 0.0004962290016313394,
    "black_box_symb_test_Var": 3.2612587181398867e-09,
    "black_box_symb_test_Std": 5.7107431374032985e-05,
    "black_box_exec_time": 30.26193881034851,
    "Number of params": 1954,
    "model_test_MAE": 0.0007946355035528541,
    "model_test_Var": 2.628459820789326e-08,
    "model_test_Std": 0.00016212525468875373
}