{
    "black_box_symb_quant": "\\sum_{j}(0.2*x_j**3) - 0.5*x_i",
    "black_box_symb": "\\sum_{j}( 0.197324402766806*x_j**3) - 0.49980032*x_i",
    "black_box_symb_test_MAE": 0.000497234461363405,
    "black_box_symb_test_Var": 3.2999758916493296e-09,
    "black_box_symb_test_Std": 5.744541662873836e-05,
    "black_box_exec_time": 31.667999863624573,
    "Number of params": 1954,
    "model_test_MAE": 0.0007960639389542242,
    "model_test_Var": 2.637341526114986e-08,
    "model_test_Std": 0.00016239893860844613
}