{
    "spline_wise_symb_quant": "\\sum_{j}(0.43*cos(-0.89*x_i + 0.95*x_j + 4.37) + 0.01) + 0.01*x_i + 0.21*cos(1.22*x_i + 0.38) + 2.08",
    "spline_wise_symb": "\\sum_{j}( 0.431248366832733*cos(-0.891838340421592*x_i + 0.953489021559615*x_j + 4.36905529167884) + 0.00747223505992167) + 0.00617898026788498*x_i + 0.205899278080036*cos(1.22372423789129*x_i + 0.382337212326118) + 2.08412145654215",
    "spline_wise_symb_test_MAE": 0.09400896479686101,
    "spline_wise_symb_test_Var": 9.130723745100055e-06,
    "spline_wise_symb_test_Std": 0.0030217087459085226,
    "spline_wise_exec_time": 17.013766288757324,
    "Number of params": 485,
    "model_test_MAE": 0.15763703485329947,
    "model_test_Var": 0.0005103655496785128,
    "model_test_Std": 0.022591271537443676
}