{
    "black_box_symb_quant": "\\sum_{j}(-0.41*sin(x_i - x_j)) - tanh(x_i) + 3.01",
    "black_box_symb": "\\sum_{j}( -0.40785506*sin(x_i - x_j)) - tanh(x_i) + 3.0148873",
    "black_box_symb_test_MAE": 0.06561115259925525,
    "black_box_symb_test_Var": 4.4912813372769175e-05,
    "black_box_symb_test_Std": 0.006701702274256084,
    "black_box_exec_time": 622.9881045818329,
    "Number of params": 3932,
    "model_test_MAE": 0.09724754343430202,
    "model_test_Var": 4.3917893278227415e-05,
    "model_test_Std": 0.0066270576637167886
}