{
    "black_box_symb_quant": "\\sum_{j}(-0.46*sin(x_i - x_j)) + 2.01 + exp(-1.32*x_i)",
    "black_box_symb": "\\sum_{j}( -0.46132404*sin(x_i - x_j)) + 2.0058274 + exp(-1.3172318425518*x_i)",
    "black_box_symb_test_MAE": 0.04272149006525675,
    "black_box_symb_test_Var": 7.932637776498897e-07,
    "black_box_symb_test_Std": 0.0008906535676961552,
    "black_box_exec_time": 20.14180326461792,
    "Number of params": 3932,
    "model_test_MAE": 0.09724754343430202,
    "model_test_Var": 4.3917893278227415e-05,
    "model_test_Std": 0.0066270576637167886
}