{
    "black_box_symb_quant": "\\sum_{j}(-0.41*sin(x_i - x_j)) - tanh(x_i) + 3.01",
    "black_box_symb": "\\sum_{j}( -0.40785506*sin(x_i - x_j)) - tanh(x_i) + 3.0148873",
    "black_box_symb_test_MAE": 0.06574062009652455,
    "black_box_symb_test_Var": 4.504281373900958e-05,
    "black_box_symb_test_Std": 0.006711394321525861,
    "black_box_exec_time": 623.6396983861923,
    "Number of params": 3932,
    "model_test_MAE": 0.09744829436143239,
    "model_test_Var": 4.4281633869985226e-05,
    "model_test_Std": 0.006654444670292573
}