{
    "black_box_symb_quant": "\\sum_{j}(x_j - sin(x_j)) - 0.49*x_i",
    "black_box_symb": "\\sum_{j}( x_j - sin(x_j)) - 0.48639867*x_i",
    "black_box_symb_test_MAE": 0.006895444976786773,
    "black_box_symb_test_Var": 6.321174094531333e-07,
    "black_box_symb_test_Std": 0.0007950581170286442,
    "black_box_exec_time": 17.289772152900696,
    "Number of params": 4788,
    "model_test_MAE": 0.007316419078658025,
    "model_test_Var": 1.0507217065410566e-06,
    "model_test_Std": 0.001025047172836966
}