{
    "black_box_symb_quant": "\\sum_{j}(x_j - sin(x_j)) - 0.49*x_i",
    "black_box_symb": "\\sum_{j}( x_j - sin(x_j)) - 0.4863999*x_i",
    "black_box_symb_test_MAE": 0.006907576695084572,
    "black_box_symb_test_Var": 6.346417485331562e-07,
    "black_box_symb_test_Std": 0.0007966440538491179,
    "black_box_exec_time": 124.16070437431335,
    "Number of params": 4788,
    "model_test_MAE": 0.007326906236509482,
    "model_test_Var": 1.0532750292631476e-06,
    "model_test_Std": 0.0010262918830737909
}