{"lr": 0.0018807914813120093, "lamb": 0.0, "batch_size": 32, "n_hidden_layers_g_net": 1, "hidden_dims_g_net": 64, "af_g_net": "relu", "drop_p_g_net": 0.003970095566283347, "n_hidden_layers_h_net": 1, "hidden_dims_h_net": 16, "af_h_net": "relu", "drop_p_h_net": 0.0007827808168204789}