{
    "black_box_symb_quant": "\\sum_{j}(-0.48*sin(x_i - x_j)) + 2.03",
    "black_box_symb": "\\sum_{j}( -0.48121974*sin(x_i - x_j)) - 0.00025278135*x_i**3 + 2.0274642",
    "black_box_symb_test_MAE": 0.014917523600161076,
    "black_box_symb_test_Var": 1.9377182907088022e-05,
    "black_box_symb_test_Std": 0.004401952170013666,
    "black_box_exec_time": 619.1043107509613,
    "Number of params": 7500,
    "model_test_MAE": 0.03266127035021782,
    "model_test_Var": 5.2339595436386166e-05,
    "model_test_Std": 0.007234610938840192
}