{
    "black_box_symb_quant": "\\sum_{j}(-sin(sin(x_i - x_j))**3) + 2.02",
    "black_box_symb": "\\sum_{j}( -sin(sin(x_i - x_j))**3) - 8.682492e-5*exp(x_i) + 2.0182288",
    "black_box_symb_test_MAE": 0.05841529741883278,
    "black_box_symb_test_Var": 1.4016828656121527e-05,
    "black_box_symb_test_Std": 0.0037439055351492947,
    "black_box_exec_time": 23.07521402835846,
    "Number of params": 7500,
    "model_test_MAE": 0.03257205213109652,
    "model_test_Var": 5.1874211730930225e-05,
    "model_test_Std": 0.007202375422798385
}