{
    "black_box_symb_quant": "\\sum_{j}(x_j - sin(1.06*x_j)) - 0.35*x_i",
    "black_box_symb": "\\sum_{j}( x_j - sin(1.06430589428569*x_j)) - 0.35215583*x_i",
    "black_box_symb_test_MAE": 0.0330146849155426,
    "black_box_symb_test_Var": 1.069933696501435e-06,
    "black_box_symb_test_Std": 0.0010343759937766514,
    "black_box_exec_time": 27.077333450317383,
    "Number of params": 1108,
    "model_test_MAE": 0.04070296883583069,
    "model_test_Var": 2.9032056579429235e-06,
    "model_test_Std": 0.0017038795902125606
}