{
    "black_box_symb_quant": "\\sum_{j}(sin(x_j)**9) - 0.35*x_i",
    "black_box_symb": "\\sum_{j}( sin(x_j)**9) - 0.35217535*x_i",
    "black_box_symb_test_MAE": 0.02959645912051201,
    "black_box_symb_test_Var": 1.0504353791263947e-06,
    "black_box_symb_test_Std": 0.0010249074978389,
    "black_box_exec_time": 122.62505328655243,
    "Number of params": 1108,
    "model_test_MAE": 0.04070296883583069,
    "model_test_Var": 2.9032056579429235e-06,
    "model_test_Std": 0.0017038795902125606
}