{
    "black_box_symb_quant": "\\sum_{j}(exp(-x_i)*sin(x_j)**9) - 0.35*x_i",
    "black_box_symb": "\\sum_{j}( exp(-x_i)*sin(x_j)**9) - 0.35217592*x_i",
    "black_box_symb_test_MAE": 0.029519700755675633,
    "black_box_symb_test_Var": 2.121775043625719e-06,
    "black_box_symb_test_Std": 0.0014566314028009004,
    "black_box_exec_time": 11.360068440437317,
    "Number of params": 1108,
    "model_test_MAE": 0.04078273599346479,
    "model_test_Var": 2.909820504403631e-06,
    "model_test_Std": 0.0017058195990208435
}