{"lr": 0.0026255830311153476, "lamb": 0.0, "batch_size": 32, "n_hidden_layers_g_net": 2, "hidden_dims_g_net": 40, "af_g_net": "softplus", "drop_p_g_net": 0.0003851917981128608, "n_hidden_layers_h_net": 1, "hidden_dims_h_net": 24, "af_h_net": "softplus", "drop_p_h_net": 0.0014769112060538997}