{
    "black_box_symb_quant": "\\sum_{j}(-0.42*x_j*tanh(log(x_i))) - 0.48*x_i",
    "black_box_symb": "\\sum_{j}( -0.42435983*x_j*tanh(log(x_i))) - 0.4830658*x_i",
    "black_box_symb_test_MAE": 0.003271464491263032,
    "black_box_symb_test_Var": 9.797700838146967e-08,
    "black_box_symb_test_Std": 0.00031301279268021887,
    "black_box_exec_time": 122.87334883213043,
    "Number of params": 1874,
    "model_test_MAE": 0.0016968537432452042,
    "model_test_Var": 9.960029821211603e-08,
    "model_test_Std": 0.00031559514922146066
}