,complexity,loss,score,sympy_format
4,6,0.0019248072,1.5167374276874759,0.15328999 - 0.078771345*x0**2
2,4,0.012955395,1.2438958441492698,-0.0161528019809754*x0**3
3,5,0.008771986,0.3899490691403617,0.35506904 + x0*(-0.30170664)
5,7,0.0015178936,0.2375022225894109,x0*(-1*0.26575196 + exp(-x0))
1,3,0.04494359,0.13522348323577071,x0*(-0.08528648)
