,complexity,loss,score,sympy_format
1,4,7.5492794e-06,2.068804737346081,tanh(x1)*0.29924944
3,7,6.4746555e-06,0.06657282336419518,tan(tanh(x1)*0.28688496 + 0.004764791)
2,6,6.920363e-06,0.04349194504805408,tanh(x1/1.013474)*0.30045262
0,1,0.0037438371,0.0,0.237273570000000
