,complexity,loss,score,sympy_format
5,7,1.0463051e-06,6.294646578756807,x1*(-0.5002195)*(x0 - 1.0000117)
3,5,0.0007498149,1.0703578104321367,x1/exp(3*x0)
2,4,0.0021867773,0.6732526306712857,-0.22437131*log(x0)
4,6,0.0005667462,0.2799147916014027,log(x1/exp(3*x0) + 1)
1,3,0.0042874045,0.07239847913553289,0.05164386/x0
