,complexity,loss,score,sympy_format
1,3,1.7903529e-06,4.169598679553528,x0*(-0.50066763)
2,5,1.793889e-08,2.301598524217187,x0*(-0.493333) - 1*0.0051930402
3,7,7.426698e-10,1.5922373646940975,tan(-tanh(x0*0.49368456) - 0.0047874744)
0,1,0.0074921427,0.0,-0.331549200000000
