,complexity,loss,score,sympy_format
1,4,0.00015531463,1.0524867392830481,tanh(x1)*0.28990176
2,5,0.00014892244,0.042027296976286335,tanh(tanh(x1)*0.29660663)
3,6,0.00014639844,0.01709368777360225,tanh(x1/(-0.94880915))*(-0.2856028)
4,7,0.00014637112,0.00018663142492901419,tan(tanh(x1/(-0.9278199))*(-0.27790648))
0,1,0.0036515724,0.0,0.229672670000000
