,complexity,loss,score,sympy_format
3,5,0.0022330105,1.528853606720479,x0*(-0.16436444) - 1*(-0.22924687)
2,4,0.010300622,0.5079720583918007,x0**3*(-0.006827541)
4,6,0.0019855674,0.11744595791901763,log(x0*(-0.14790286) + 0.2179082 + 1)
5,7,0.0018171832,0.08861710725422509,tanh(log(x0*(-0.15835285) + 0.22991134 + 1))
1,3,0.017118784,0.00415639575342492,0.0153982015/x0
