{
    "black_box_symb_quant": "\\sum_{j}(-0.5*x_i*x_j) - 0.5*x_i + 1.0",
    "black_box_symb": "\\sum_{j}( -0.4989559*x_i*x_j) - 0.49701315*x_i + 0.9987079",
    "black_box_symb_test_MAE": 0.0003761937744760265,
    "black_box_symb_test_Var": 9.389057922230329e-10,
    "black_box_symb_test_Std": 3.064156967622633e-05,
    "black_box_exec_time": 109.02896451950073,
    "Number of params": 2122,
    "model_test_MAE": 0.0003843946421208481,
    "model_test_Var": 2.1111668090452654e-10,
    "model_test_Std": 1.4529854813607964e-05
}