{
    "black_box_symb_quant": "\\sum_{j}(-0.5*x_i*x_j) - 0.5*x_i + 1.0",
    "black_box_symb": "\\sum_{j}( -0.4989562*x_i*x_j) - 0.49701315*x_i + 0.9987079",
    "black_box_symb_test_MAE": 0.00037612599165489274,
    "black_box_symb_test_Var": 9.38424932791735e-10,
    "black_box_symb_test_Std": 3.063372215046247e-05,
    "black_box_exec_time": 10.251214742660522,
    "Number of params": 2122,
    "model_test_MAE": 0.0003843946421208481,
    "model_test_Var": 2.1111668090452654e-10,
    "model_test_Std": 1.4529854813607964e-05
}