,complexity,loss,score,sympy_format
1,5,1.661221e-05,0.16144327774505526,1.996041 - 0.0021013364*x0
2,6,1.4735726e-05,0.11986308173217708,x0**2*(-0.0002762551) - 1*(-1.9930398)
3,7,1.47334995e-05,0.0001511067879429482,log(1 + x0**2*(-0.0002762551)) - 1*(-1.9930398)
0,1,3.1687145e-05,0.0,1.98714050000000
