,complexity,loss,score,sympy_format
4,6,0.00012345094,5.984877151909433,sin(-x0 + x1)*0.49261302
3,5,0.049056157,0.7530794999943363,tanh(sin(-x0 + x1))
2,4,0.10417219,0.01572929879706428,sin(x1)*0.076329246
1,3,0.1058237,0.004956630613562332,0.054869052/x1
0,1,0.106877975,0.0,0.00210186700000000
