{
    "black_box_symb_quant": "\\sum_{j}(-0.43*x_j*tanh(log(x_i))) - 0.5*x_i",
    "black_box_symb": "\\sum_{j}( -0.4311675*x_j*tanh(log(x_i))) - 0.49904963*x_i",
    "black_box_symb_test_MAE": 0.004206343942011396,
    "black_box_symb_test_Var": 9.385308366013103e-08,
    "black_box_symb_test_Std": 0.0003063545065118694,
    "black_box_exec_time": 135.53506648540497,
    "Number of params": 5090,
    "model_test_MAE": 0.0007212451115871469,
    "model_test_Var": 1.276419140150629e-08,
    "model_test_Std": 0.00011297872101199539
}