{"lr": 0.004381444789085989, "lamb": 0.0, "batch_size": 16, "n_hidden_layers_g_net": 2, "hidden_dims_g_net": 48, "af_g_net": "relu", "drop_p_g_net": 0.007360765260702216, "n_hidden_layers_h_net": 2, "hidden_dims_h_net": 16, "af_h_net": "tanh", "drop_p_h_net": 0.012624536975604176}