{
    "black_box_symb_quant": "\\sum_{j}(-0.5*sin(x_i - x_j)) + 2.0",
    "black_box_symb": "\\sum_{j}( -0.4971926*sin(x_i - x_j)) + 2.0009475",
    "black_box_symb_test_MAE": 0.0017369155151148636,
    "black_box_symb_test_Var": 1.5172992918569317e-08,
    "black_box_symb_test_Std": 0.0001231787031859376,
    "black_box_exec_time": 32.457773208618164,
    "Number of params": 3514,
    "model_test_MAE": 0.004582143854349852,
    "model_test_Var": 5.06081607860315e-07,
    "model_test_Std": 0.0007113941297623385
}