,complexity,loss,score,sympy_format
3,5,0.00073782646,1.1446625023381694,x1/exp(3*x0)
5,7,0.00021793254,0.9135946896692188,tan(x1)/exp(exp(tan(x0)))
2,4,0.002317794,0.5169284652264101,exp(-exp(x0))
4,6,0.00054336444,0.30592839286947454,log(x1/exp(3*x0) + 1)
1,3,0.0038866373,0.09918556257938901,0.05236311/x0
