,complexity,loss,score,sympy_format
1,3,4.1246112e-05,2.567688242196137,x0*(-0.48795307)
2,4,2.721813e-05,0.4156735584152665,sin(x0*(-0.49962556))
3,6,2.1644462e-05,0.11456683520877402,0.011081887 - tanh(x0*0.52977455)
4,7,2.1046364e-05,0.028021811343059984,tanh(sin((0.035396177 - x0)*0.55290514))
0,1,0.007008881,0.0,-0.323145180000000
