{"lr": 0.008578908640998036, "lamb": 0.0, "batch_size": 16, "n_hidden_layers_g_net": 2, "hidden_dims_g_net": 56, "af_g_net": "softplus", "drop_p_g_net": 0.0005274834074576539, "n_hidden_layers_h_net": 2, "hidden_dims_h_net": 48, "af_h_net": "tanh", "drop_p_h_net": 0.00012943940330751712}