,complexity,loss,score,sympy_format
2,6,0.00059101987,0.16230471071035785,2.0085964 - 0.000115402737525952*x0**3
3,7,0.00057677703,0.02439387580681172,2.0085964 - tan(x0*0.048686143)**3
1,5,0.00069516856,0.023280245683300487,x0*(-0.0044572633) - 1*(-2.0140536)
0,1,0.0007630132,0.0,1.99517140000000
