,complexity,loss,score,sympy_format
4,6,0.00013546608,5.857002156185376,sin(x0 - x1)*(-0.49865502)
3,5,0.047369007,0.811551660205171,tanh(sin(-x0 + x1))
2,4,0.10664652,0.01754938614032675,sin(x1)*0.07871369
1,3,0.10853462,0.00456053347408329,-0.05631215/x0
0,1,0.1095291,0.0,0.000242532200000000
