,complexity,loss,score,sympy_format
2,6,0.00031000847,0.7864666750702028,2.0084178 - 5.5627646e-5*exp(x0)
1,5,0.0006806623,0.023054767080386833,2.014078 + x0*(-0.004410887)
3,7,0.00030661112,0.011019385152486749,2.0084178 - tan(exp(x0)*5.5627646e-5)
0,1,0.0007464177,0.0,1.99538890000000
