{"lr": 0.0005506601697093104, "lamb": 0.0, "batch_size": 32, "n_hidden_layers_g_net": 2, "hidden_dims_g_net": 32, "af_g_net": "relu", "drop_p_g_net": 0.00015155232877914147, "n_hidden_layers_h_net": 2, "hidden_dims_h_net": 56, "af_h_net": "relu", "drop_p_h_net": 0.00011392511486951789}