{
    "black_box_symb_quant": "\\sum_{j}(-0.5*sin(x_i - x_j)) + 2.0",
    "black_box_symb": "\\sum_{j}( -0.49865994*sin(x_i - x_j)) + 1.9988915 - 0.000649998/x_i",
    "black_box_symb_test_MAE": 0.0010122246070144076,
    "black_box_symb_test_Var": 8.348958345019636e-10,
    "black_box_symb_test_Std": 2.8894564099532e-05,
    "black_box_exec_time": 39.508913397789,
    "Number of params": 1852,
    "model_test_MAE": 0.004207481785366933,
    "model_test_Var": 2.372292758651333e-08,
    "model_test_Std": 0.00015402249052172
}