{
    "black_box_symb_quant": "\\sum_{j}(-0.5*sin(x_i - x_j)) + 2.0",
    "black_box_symb": "\\sum_{j}( -0.49865994*sin(x_i - x_j)) + 1.9995465 - 0.0008321433/tanh(x_i)",
    "black_box_symb_test_MAE": 0.0009948580021349092,
    "black_box_symb_test_Var": 7.200071529755686e-10,
    "black_box_symb_test_Std": 2.6832949017496542e-05,
    "black_box_exec_time": 608.8183745145798,
    "Number of params": 1852,
    "model_test_MAE": 0.004207481785366933,
    "model_test_Var": 2.372292758651333e-08,
    "model_test_Std": 0.00015402249052172
}