{
    "black_box_symb_quant": "\\sum_{j}(-tan(sin(x_i - x_j))**3) + 36.36*exp(-x_i)",
    "black_box_symb": "\\sum_{j}( -tan(sin(x_i - x_j))**3) + 36.361088*exp(-x_i)",
    "black_box_symb_test_MAE": 0.9805898070335388,
    "black_box_symb_test_Var": 0.0061624011307538735,
    "black_box_symb_test_Std": 0.07850096261036468,
    "black_box_exec_time": 153.5407214164734,
    "Number of params": 4570,
    "model_test_MAE": 1.1644896268844604,
    "model_test_Var": 0.013443227512775971,
    "model_test_Std": 0.11594493310522876
}