{
    "black_box_symb_quant": "\\sum_{j}(-tan(sin(x_i - x_j))**3) + 36.36*exp(-x_i)",
    "black_box_symb": "\\sum_{j}( -tan(sin(x_i - x_j))**3) + 36.3614010029053*exp(-x_i)",
    "black_box_symb_test_MAE": 0.9790401260058085,
    "black_box_symb_test_Var": 0.006122801410333365,
    "black_box_symb_test_Std": 0.0782483316776362,
    "black_box_exec_time": 26.422734141349792,
    "Number of params": 4570,
    "model_test_MAE": 1.1623438199361165,
    "model_test_Var": 0.013376841309473598,
    "model_test_Std": 0.11565829546328961
}