{
    "black_box_symb_quant": "\\sum_{j}(tanh(x_i**2*exp(-x_j))) + 1.79 - 25.48*exp(-Abs(x_i))",
    "black_box_symb": "\\sum_{j}( tanh(x_i**2*exp(-x_j))) + 1.7894027 - 25.479263*exp(-Abs(x_i))",
    "black_box_symb_test_MAE": 2.0144824981689453,
    "black_box_symb_test_Var": 0.07315636183651957,
    "black_box_symb_test_Std": 0.27047432749989336,
    "black_box_exec_time": 634.0896111726761,
    "Number of params": 628,
    "model_test_MAE": 1.4283238252003987,
    "model_test_Var": 0.009835256322355058,
    "model_test_Std": 0.09917286081562364
}