{
    "black_box_symb_quant": "\\sum_{j}(-0.5*sin(x_i - x_j)) + 2.0",
    "black_box_symb": "\\sum_{j}( -0.49865994*sin(x_i - x_j)) + 1.9995465 - 0.0008321433/tanh(x_i)",
    "black_box_symb_test_MAE": 0.0009927362552843988,
    "black_box_symb_test_Var": 7.15669944370126e-10,
    "black_box_symb_test_Std": 2.675200823060067e-05,
    "black_box_exec_time": 610.7018877267838,
    "Number of params": 1852,
    "model_test_MAE": 0.004195771490534146,
    "model_test_Var": 2.4317513563755348e-08,
    "model_test_Std": 0.00015594073734517017
}