{
    "black_box_symb_quant": "\\sum_{j}(-sin(sin(x_i - x_j))**3) + 2.0",
    "black_box_symb": "\\sum_{j}( -sin(sin(x_i - x_j))**3) + 1.9988915 - 0.0006500094/x_i",
    "black_box_symb_test_MAE": 0.05654366314411163,
    "black_box_symb_test_Var": 1.0106164797546446e-05,
    "black_box_symb_test_Std": 0.0031790194710863986,
    "black_box_exec_time": 23.71414864063263,
    "Number of params": 1852,
    "model_test_MAE": 0.004195771490534146,
    "model_test_Var": 2.4317513563755348e-08,
    "model_test_Std": 0.00015594073734517017
}