{
    "black_box_symb_quant": "\\sum_{j}(-0.5*x_i*x_j) - 0.5*x_i + 1.0",
    "black_box_symb": "\\sum_{j}( -0.499892972914499*x_i*x_j) - 0.5006705*x_i + 1.0002961",
    "black_box_symb_test_MAE": 3.346721132402308e-05,
    "black_box_symb_test_Var": 3.632807859440026e-12,
    "black_box_symb_test_Std": 1.9059926178870752e-06,
    "black_box_exec_time": 104.59087812900543,
    "spline_wise_symb_quant": "\\sum_{j}(-0.49*x_i*x_j + 0.01*x_j) - 0.5*x_i + 1.0",
    "spline_wise_symb": "\\sum_{j}( -0.489932868169565*x_i*x_j + 0.00935859843752621*x_j) - 0.500074136830623*x_i + 0.999982393881022",
    "spline_wise_symb_test_MAE": 0.007932381238788366,
    "spline_wise_symb_test_Var": 7.405622826441432e-07,
    "spline_wise_symb_test_Std": 0.0008605592847934087,
    "spline_wise_exec_time": 27.692511796951294,
    "Number of params": 280,
    "model_test_MAE": 3.524918853751539e-05,
    "model_test_Var": 1.9364785946079674e-11,
    "model_test_Std": 4.400543823901732e-06
}