{
    "spline_wise_symb_quant": "\\sum_{j}(-1.81*((-0.31*tan(0.31*x_i - 0.36) - 0.11)*(-3.58*tan(0.35*x_j - 0.39) - 1.22) + 1)**2 - 0.01*tan(0.91*tan(0.71*x_j + 6.28) + 0.38*tanh(1.75*x_i - 0.96) + 6.24) - 0.17*tan(0.8*tanh(0.6*x_i - 0.45) + 0.01*tanh(5.55*x_j - 3.31) - 6.28) + 1.75) - 0.5*x_i + 1.0",
    "spline_wise_symb": "\\sum_{j}( -1.81022571736879*(-0.13037904597611*(2.36459350585938*tan(0.311599940061569*x_i - 0.3574398458004) + 0.856687068939209)*(-3.58059978485107*tan(0.348879843950272*x_j - 0.38919985294342) - 1.22145795822144) + 1)**2 - 0.0106481434777379*tan(0.911506167257642*tan(0.7079998254776*x_j + 6.28031969070435) + 0.380478577614248*tanh(1.75335991382599*x_i - 0.957839787006378) + 6.23762592074631) - 0.169291868805885*tan(0.795753576219614*tanh(0.596239864826202*x_i - 0.447839856147766) + 0.00932528339902855*tanh(5.5513596534729*x_j - 3.30511999130249) - 6.27944107839807) + 1.74630292132497) - 0.500074136830623*x_i + 0.999982393879992",
    "spline_wise_symb_test_MAE": 6.846229856212933e-05,
    "spline_wise_symb_test_Var": 5.4813689822330994e-11,
    "spline_wise_symb_test_Std": 7.403626801935049e-06,
    "spline_wise_exec_time": 37.68670475482941,
    "Number of params": 280,
    "model_test_MAE": 3.524918853751539e-05,
    "model_test_Var": 1.9364785946079674e-11,
    "model_test_Std": 4.400543823901732e-06
}