{
    "spline_wise_symb_quant": "\\sum_{j}(-1.8*((-0.32*tan(0.3*x_i - 3.5) - 0.12)*(-3.6*tan(0.35*x_j - 0.39) - 1.23) + 1)**2 - 0.01*tan(0.9*tan(0.72*x_j - 0.01) + 0.38*tanh(1.75*x_i - 0.96) - 3.18) - 0.18*tan(0.73*tanh(0.63*x_i - 0.46) + 0.01*tanh(5.0*x_j - 3.0) + 3.13) + 1.73) - 0.5*x_i + 1.0",
    "spline_wise_symb": "\\sum_{j}( -1.79822423778312*(-0.131229175611388*(2.4705502986908*tan(0.297439903020859*x_i - 3.49911999702454) + 0.896795034408569)*(-3.60171985626221*tan(0.34651991724968*x_j - 0.390199929475784) - 1.23431444168091) + 1)**2 - 0.0106166852638125*tan(0.904819998065818*tan(0.717479884624481*x_j - 0.0113599952310324) + 0.381846079103383*tanh(1.75355994701385*x_i - 0.957639873027802) - 3.1827724327761) - 0.175739273428917*tan(0.728967894108333*tanh(0.626639902591705*x_i - 0.458359926939011) + 0.00937636787137797*tanh(4.99993991851807*x_j - 3.0) + 3.12850765254131) + 1.73286728933454) - 0.500074136830623*x_i + 0.999982393880643",
    "spline_wise_symb_test_MAE": 6.471075660859545e-05,
    "spline_wise_symb_test_Var": 2.556335405845739e-11,
    "spline_wise_symb_test_Std": 5.056021564279309e-06,
    "spline_wise_exec_time": 33.31754171848297,
    "Number of params": 280,
    "model_test_MAE": 3.524918853751539e-05,
    "model_test_Var": 1.9364785946079674e-11,
    "model_test_Std": 4.400543823901732e-06
}