{"lr": 0.0009137379956580953, "lamb": 0.0, "batch_size": 16, "n_hidden_layers_g_net": 2, "hidden_dims_g_net": 64, "af_g_net": "tanh", "drop_p_g_net": 0.00015842284992125387, "n_hidden_layers_h_net": 2, "hidden_dims_h_net": 32, "af_h_net": "tanh", "drop_p_h_net": 0.015951321057338992}