{
    "black_box_symb_quant": "\\sum_{j}(0.2*x_j**3) - 0.5*x_i",
    "black_box_symb": "\\sum_{j}( 0.19919700434276*x_j**3) - 0.49677658*x_i",
    "black_box_symb_test_MAE": 0.0005376727203838527,
    "black_box_symb_test_Var": 2.1691011704712328e-10,
    "black_box_symb_test_Std": 1.4727868720460652e-05,
    "black_box_exec_time": 11.950367093086243,
    "Number of params": 1668,
    "model_test_MAE": 0.0013573766918852925,
    "model_test_Var": 1.7540563307112244e-09,
    "model_test_Std": 4.188145568997363e-05
}