,complexity,loss,score,sympy_format
3,5,1.6786358e-06,7.483501383619669,x0*x1/(-1.997941)
1,3,0.003155134,0.15431249546778847,x0*(-0.20579547)
4,7,1.4921851e-06,0.058869941993483624,x0*(x1/(-2.0115464) - 0.0017737362)
2,4,0.0029853815,0.05530342298424371,tanh(x0)*(-0.23756078)
0,1,0.004295878,0.0,-0.102171720000000
