,complexity,loss,score,sympy_format
2,5,1.0674468e-05,1.8872296214996074,0.9971848 + x0*(-0.49357834)
1,4,7.046276e-05,1.6961415143204874,log(2.6268979 - x0)
3,6,7.4036775e-06,0.3658778855811292,sin(x0*(-0.5156327)) + 1.0038043
4,7,6.499958e-06,0.13018112088387318,1.0038974 + tan(tanh(x0))*(-0.5125547)
0,1,0.011424425,0.0,0.716277660000000
