,complexity,loss,score,sympy_format
2,4,0.0005924774,2.1881971681970125,-log(x0 + 1)**2
3,5,0.00011009277,1.6829893548243975,0.021963071 - log(x0 + 1)**2
1,3,0.0052843764,1.0247467198231714,x0*(-0.4268682)
4,7,3.1847114e-05,0.6201883041648779,0.024024563 - 0.7164946*log(x0**2 + 1)
0,1,0.041027725,0.0,-0.240783570000000
