,complexity,loss,score,sympy_format
2,4,0.0001067843,4.15124103441247,0.19598695557314*x1**2
1,3,0.006782167,0.672320258587066,x1*0.23388547
3,6,0.00010422964,0.012107185064714542,x1*sin(x1*0.19950719)
0,1,0.026021866,0.0,0.146892830000000
