{
    "black_box_symb_quant": "\\sum_{j}(x_j*(0.51 - 0.51*x_i)) - 0.64*log(x_i + 1)",
    "black_box_symb": "\\sum_{j}( x_j*(0.50804721474426 - 0.51468563*x_i)) - 0.63656974*log(x_i + 1)",
    "black_box_symb_test_MAE": 0.0018780127090091507,
    "black_box_symb_test_Var": 2.7298038622241192e-08,
    "black_box_symb_test_Std": 0.00016522118091286356,
    "black_box_exec_time": 107.50664520263672,
    "spline_wise_symb_quant": "\\sum_{j}(-0.57*x_j*(0.81*x_i - 0.82)) - 0.39*x_i - 0.06",
    "spline_wise_symb": "\\sum_{j}( -0.574833152914888*x_j*(0.811128819156638*x_i - 0.823271420824511)) - 0.392736550044677*x_i - 0.060159303262292",
    "spline_wise_symb_test_MAE": 0.008601924559722344,
    "spline_wise_symb_test_Var": 1.0996418033949759e-06,
    "spline_wise_symb_test_Std": 0.001048638070735073,
    "spline_wise_exec_time": 23.11895203590393,
    "Number of params": 450,
    "model_test_MAE": 0.0020562036661431193,
    "model_test_Var": 8.05423553676876e-08,
    "model_test_Std": 0.0002837998508944069
}