{
    "black_box_symb_quant": "\\sum_{j}(x_j*(0.51 - 0.51*x_i)) - 0.64*log(x_i + 1)",
    "black_box_symb": "\\sum_{j}( x_j*(0.5080487 - 0.5146881*x_i)) - 0.63656974*log(x_i + 1)",
    "black_box_symb_test_MAE": 0.0018777660637473066,
    "black_box_symb_test_Var": 2.7314046751326384e-08,
    "black_box_symb_test_Std": 0.0001652696183553601,
    "black_box_exec_time": 16.847195386886597,
    "spline_wise_symb_quant": "\\sum_{j}((0.41*x_i - 0.41)*(0.16*x_j**2 - 1.35*x_j + 0.07)) - 0.39*x_i - 0.06",
    "spline_wise_symb": "\\sum_{j}( 0.502672863514784*(0.811227234992924*x_i - 0.823344544466447)*(0.15847839126682*x_j**2 - 1.35452740155264*x_j + 0.0718137580270716)) - 0.392736550044677*x_i - 0.060159303262292",
    "spline_wise_symb_test_MAE": 0.010040031125148138,
    "spline_wise_symb_test_Var": 2.1859219061529176e-06,
    "spline_wise_symb_test_Std": 0.0014784863564311027,
    "spline_wise_exec_time": 18.713027119636536,
    "Number of params": 450,
    "model_test_MAE": 0.0020562036661431193,
    "model_test_Var": 8.05423553676876e-08,
    "model_test_Std": 0.0002837998508944069
}