{
    "spline_wise_symb_quant": "\\sum_{j}(-0.01*(0.68*sin(3.15*x_i + 0.77) - 0.06*sin(3.97*x_j + 2.97) - 1)**2 - 1.75*sin((0.59*sin(0.72*x_i - 0.41) - 0.19)*(-1.47*tan(0.75*x_j - 3.78) - 0.97) - 4.25) + 1.59) - 0.39*x_i - 0.06",
    "spline_wise_symb": "\\sum_{j}( -0.0117993505636527*(0.679377459891034*sin(3.14743995666504*x_i + 0.77239990234375) - 0.0572415009744337*sin(3.97368001937866*x_j + 2.97000002861023) - 1)**2 - 1.74929785728455*sin(0.522759914398193*(1.13714671134949*sin(0.721559941768646*x_i - 0.407359927892685) - 0.365909814834595)*(-1.47076773643494*tan(0.747239887714386*x_j - 3.78060007095337) - 0.969437658786774) - 4.25088024139404) + 4.82061636830622e-7*tan(0.0010499242663653*sin(4.99996995925903*x_j + 2.79999995231628) + 4.70402181097836) + 1.58649951167442) - 0.392736550044677*x_i - 0.060159303262292",
    "spline_wise_symb_test_MAE": 0.0020541123813018203,
    "spline_wise_symb_test_Var": 9.139135130568758e-08,
    "spline_wise_symb_test_Std": 0.000302310025149163,
    "spline_wise_exec_time": 32.855032563209534
}