{"lr": 0.00954470715028181, "lamb": 0.0, "batch_size": 16, "n_hidden_layers_g_net": 2, "hidden_dims_g_net": 24, "af_g_net": "relu", "drop_p_g_net": 0.00013637865499983176, "n_hidden_layers_h_net": 1, "hidden_dims_h_net": 56, "af_h_net": "tanh", "drop_p_h_net": 0.10415804880067905}