,complexity,loss,score,sympy_format
3,5,5.753918e-06,6.283791750396475,x0*x1*(-0.5006813)
4,6,4.76914e-06,0.18771501892757894,sin(x0*(-0.5042375)*x1)
1,3,0.0032499155,0.15170386212245426,x0*(-0.20537268)
2,4,0.0030830442,0.05271151051734914,tanh(x0)*(-0.23711655)
0,1,0.004401902,0.0,-0.102470510000000
