,complexity,loss,score,sympy_format
1,4,1.7213923e-05,2.1534832948502767,log(2.6314088 - x0)
4,7,1.0951326e-06,1.2773930146716443,tan(tanh(1.0346637 - 0.5311214*x0))
2,5,7.178057e-06,0.8746897994894826,(2.0434883 - x0)*0.48729813
3,6,3.9285424e-06,0.602760267125504,0.9854661 - tan(x0*0.45412192)
0,1,0.011005698,0.0,0.717267450000000
