{
    "black_box_symb_quant": "\\sum_{j}(-0.16*log(x_i)) - 0.19*log(x_i + 1) - 0.04",
    "black_box_symb": "\\sum_{j}( -0.1632036*log(x_i)) - 0.18819962*log(x_i + 1) - 0.037945602",
    "black_box_symb_test_MAE": 0.029456056654453278,
    "black_box_symb_test_Var": 4.5083772725329485e-06,
    "black_box_symb_test_Std": 0.002123293967526152,
    "black_box_exec_time": 36.33334934711456,
    "Number of params": 482,
    "model_test_MAE": 0.027961941435933113,
    "model_test_Var": 7.665686009796871e-06,
    "model_test_Std": 0.0027686975294887073
}