{
    "spline_wise_symb_quant": "\\sum_{j}(0.05*(0.2*sin(0.54*x_j + 2.22) - 1)**3 + 0.04) - 1.09*tanh(88.87*x_i - 39.69) + 0.17*tanh(78.18*sin(10.47*x_i - 5.14) - 24.74) + 0.9*tanh(18.54*tanh(9.74*x_i - 4.92) + 25.3) + 0.09",
    "spline_wise_symb": "\\sum_{j}( 0.0477097840786125*(0.000714771484138701*(-0.749516931647249*x_i - 1)**2 + 0.199771278618203*sin(0.537719905376434*x_j + 2.21939992904663) - 1)**3 + 2.17287876580485e-9*tan(5.0*(0.00423376960679889 - 0.00415269447940328*(-0.746254680097207*x_i - 1)**2)*(0.00144023284445058*(-0.653990585376717*x_j - 1)**2 - 0.00148797535803169) - 4.69999980926514) + 0.0355801870774712) - 1.09352594498838*tanh(88.866085452992*x_i - 39.6865197024982) + 0.170402924871594*tanh(78.1797289576459*sin(10.4677492301478*x_i - 5.13558673933183) - 24.7378638813145) + 0.898039940401488*tanh(18.5373507315067*tanh(9.73605361894922*x_i - 4.91796011269167) + 25.2963382759688) + 0.0912008354250898",
    "spline_wise_symb_test_MAE": 0.10883854577938716,
    "spline_wise_symb_test_Var": 1.4602215926541443e-05,
    "spline_wise_symb_test_Std": 0.0038212845911475167,
    "spline_wise_exec_time": 15.860508680343628,
    "Number of params": 174,
    "model_test_MAE": 0.1770920753479004,
    "model_test_Var": 9.097893966740027e-05,
    "model_test_Std": 0.00953828808892876
}