{
    "black_box_symb_quant": "\\sum_{j}(0) - tanh(x_i - 0.31)**3",
    "black_box_symb": "\\sum_{j}( -0.0030675717*exp(x_i)) - tanh(x_i - 0.31315205)**3",
    "black_box_symb_test_MAE": 0.05362846453984579,
    "black_box_symb_test_Var": 2.0817943758700953e-06,
    "black_box_symb_test_Std": 0.0014428424639821547,
    "black_box_exec_time": 18.07604730129242,
    "Number of params": 4058,
    "model_test_MAE": 0.05902289723356565,
    "model_test_Var": 4.220315874088455e-06,
    "model_test_Std": 0.0020543407395289745
}