{"lr": 0.0030181640555593777, "lamb": 1.0, "batch_size": 64, "use_orig_reg": true, "lamb_g_net": 2.306121873811503e-06, "lamb_h_net": 0.00011760476178085954, "grid_size_g_net": 14, "spline_order_g_net": 2, "range_limit_g_net": 6, "mu_1_g_net": 0.30000000000000004, "mu_2_g_net": 1.0, "hidden_dim_g_net": 6, "grid_size_h_net": 17, "spline_order_h_net": 3, "range_limit_h_net": 4, "mu_1_h_net": 0.4, "mu_2_h_net": 0.30000000000000004, "hidden_dim_h_net": 1}