{
    "black_box_symb_quant": "\\sum_{j}(0.2*x_j**3) - 0.5*x_i",
    "black_box_symb": "\\sum_{j}( 0.20000486*x_j**3) - 0.4995046*x_i",
    "black_box_symb_test_MAE": 8.769604998330276e-05,
    "black_box_symb_test_Var": 1.0757141591720143e-11,
    "black_box_symb_test_Std": 3.2798081638596097e-06,
    "black_box_exec_time": 133.00537204742432,
    "spline_wise_symb_quant": "\\sum_{j}(0.02*x_i + 0.02*x_j + 0.04*tan(1.09*x_j - 0.03)) - 0.5*x_i",
    "spline_wise_symb": "\\sum_{j}( 0.0151214468195163*x_i + 0.0166263583632697*x_j + 0.0373165440585479*tan(1.09263736462754*x_j - 0.0339309246761214)) - 0.499295137501544*x_i",
    "spline_wise_symb_test_MAE": 0.020805176968375843,
    "spline_wise_symb_test_Var": 4.134509778833889e-06,
    "spline_wise_symb_test_Std": 0.002033349399103334,
    "spline_wise_exec_time": 23.89715850353241,
    "Number of params": 368,
    "model_test_MAE": 0.0007525599018360177,
    "model_test_Var": 6.937177083792457e-09,
    "model_test_Std": 8.328971775550963e-05
}