{
    "spline_wise_symb_quant": "\\sum_{j}(0.04*(0.08*(-x_i - 0.97)**2 - 0.02*sin(3.23*x_j + 2.51) - 1)**2 + 0.06*(-0.35*sin(0.66*x_i - 0.86) - 0.11*tan(1.25*x_j + 0.07) - 1)**2 - 0.09) - 0.5*x_i",
    "spline_wise_symb": "\\sum_{j}( 0.0389637601231457*(0.0828765652253851*(-x_i - 0.971638116764258)**2 - 0.0224713527122593*sin(3.23411989212036*x_j + 2.50607991218567) - 1)**2 + 0.0574783809043832*(-0.349388917092317*sin(0.655279934406281*x_i - 0.863399982452393) - 0.105014431146171*tan(1.24743986129761*x_j + 0.0736000165343285) - 1)**2 + 6.39919744571671e-5*tan(0.0116400653496385*(0.0961041301488876 - 0.147630891901883*(-x_j - 0.316294084898941)**2)*(-0.0744335800409317*tanh(1.75283992290497*x_i - 1.42391991615295) - 0.0706726312637329) + 4.70955991744995) - 4.87252691527829e-6*tan(1.70027995109558*(0.00682525616139174*sin(3.73844003677368*x_i + 3.41795992851257) + 0.0104351043701172)*(-0.0488608852028847*tanh(3.79947996139526*x_j - 2.50207996368408) - 0.000243894755840302) + 4.7020001411438) - 0.0881407924171071) - 0.499295137501544*x_i",
    "spline_wise_symb_test_MAE": 0.02890730897585551,
    "spline_wise_symb_test_Var": 9.327000624895529e-06,
    "spline_wise_symb_test_Std": 0.003054013854732085,
    "spline_wise_exec_time": 24.774176001548767,
    "Number of params": 368,
    "model_test_MAE": 0.0007525599018360177,
    "model_test_Var": 6.937177083792457e-09,
    "model_test_Std": 8.328971775550963e-05
}