{"lr": 0.003392121329667166, "lamb": 0.0, "batch_size": 16, "n_hidden_layers_g_net": 2, "hidden_dims_g_net": 40, "af_g_net": "relu", "drop_p_g_net": 0.016437259714845893, "n_hidden_layers_h_net": 1, "hidden_dims_h_net": 48, "af_h_net": "relu", "drop_p_h_net": 0.003023462285175527}