,complexity,loss,score,sympy_format
5,7,6.345182e-07,6.790044795744193,x1*(x0*(-0.4995873) - 1*(-0.49946278))
3,5,0.0007751868,1.0430576054780594,x1/exp(3*x0)
2,4,0.0021998878,0.6793225867731199,-0.22200623*log(x0)
4,6,0.0005640571,0.3179485450595308,log(x1/exp(3*x0) + 1)
1,3,0.004339369,0.06135361585056016,x1*0.13094911
