,complexity,loss,score,sympy_format
1,3,7.4947246e-07,4.614097442679571,x0*(-0.4994078)
2,5,6.0838795e-07,0.10427840911544142,tanh(tan(x0*(-0.5001829)))
3,6,6.0294934e-07,0.008979574209468218,sin(x0*(-0.18910815))*2.6497483
4,7,6.0046494e-07,0.004128924794722261,tanh(tan(x0*(-0.4996801))) - 0.00035219296
0,1,0.007629741,0.0,-0.329526130000000
