,complexity,loss,score,sympy_format
1,4,5.470769e-05,1.3942799115716416,tanh(x1)*0.29616347
4,7,5.181737e-05,0.024430339174734767,tanh(tanh(x1*0.7898333))*0.3914435
2,5,5.374344e-05,0.01778267150806712,sin(tanh(x1)*0.2996991)
3,6,5.3098876e-05,0.01206585263229283,0.29016042*(tanh(x1) - 1*(-0.017561685))
0,1,0.0035861842,0.0,0.236070870000000
