,complexity,loss,score,sympy_format
3,5,0.00402249,1.238093703526463,-log(x0 + 1) + tanh(x0)
5,7,0.00080092874,1.059524287629151,(-log(x0 + 1) + tanh(x0))*1.4165659
2,4,0.013873698,0.7965751082567878,x0**3*(-0.01178173)
4,6,0.002310678,0.5543601259025478,-0.6168944*x0 + log(x0 + 1)
1,3,0.030770915,0.10379817013510348,x0*(-0.061763033)
