{"lr": 0.005552614382572854, "lamb": 0.0, "batch_size": 32, "n_hidden_layers_g_net": 2, "hidden_dims_g_net": 40, "af_g_net": "relu", "drop_p_g_net": 0.00029456777345812673, "n_hidden_layers_h_net": 2, "hidden_dims_h_net": 16, "af_h_net": "relu", "drop_p_h_net": 0.003607605646953287}