{
    "black_box_symb_quant": "\\sum_{j}(0.2*x_j**3) - 0.5*x_i",
    "black_box_symb": "\\sum_{j}( 0.2003313*x_j**3) - 0.49947724*x_i",
    "black_box_symb_test_MAE": 0.00012764894199790433,
    "black_box_symb_test_Var": 1.3693434846043834e-10,
    "black_box_symb_test_Std": 1.1701895079876522e-05,
    "black_box_exec_time": 149.78569626808167,
    "spline_wise_symb_quant": "\\sum_{j}(0.07*x_i + 0.11*x_j) - 0.38*x_i - 0.2*exp(0.55*x_i) + 0.2",
    "spline_wise_symb": "\\sum_{j}( 0.07078497991802*x_i + 0.111662700907765*x_j) - 0.379090901888923*x_i - 0.200259523773615*exp(0.548025316434419*x_i) + 0.201246529216221",
    "spline_wise_symb_test_MAE": 0.08417245497306187,
    "spline_wise_symb_test_Var": 7.837486747968519e-05,
    "spline_wise_symb_test_Std": 0.008852958120294322,
    "spline_wise_exec_time": 23.60944390296936,
    "Number of params": 516,
    "model_test_MAE": 0.00040224265345993143,
    "model_test_Var": 6.4747059720440794e-09,
    "model_test_Std": 8.046555767559235e-05
}