,complexity,loss,score,sympy_format
5,7,1.3247201e-07,7.596190912968592,x1*(1.0001105 - x0)/2.0003269
3,5,0.0007153844,1.364492102172554,x1/exp(3*x0)
4,6,0.00026369866,0.9980130087902105,x1*(0.67831945 - log(x0 + 1))
2,4,0.0027998248,0.2528282813844398,log(1 + 0.06617896/x0)
1,3,0.0036052284,0.1538002053068225,0.05507401/x0
