,complexity,loss,score,sympy_format
1,3,1.7725486e-07,5.346265762796219,x0/(-1.9990128)
2,5,1.276762e-07,0.16404560629118115,0.0008636778 - 0.5014683*x0
3,7,1.2766863e-07,2.9646184738481664e-05,-1.5014675*x0 + x0 + 0.00086316455
0,1,0.0078037903,0.0,-0.330144850000000
