,Canada,Hong Kong,Singapore,China
0,2.4792697,2.533733,2.4748776,2.083377
1,2.4533448,2.400035,2.4582102,2.866632
2,0.007053273,0.06545879,0.006027286,-0.38241723
