{
    "black_box_symb_quant": "\\sum_{j}(x_j*(0.5 - 0.5*x_i)) - 0.5*x_i",
    "black_box_symb": "\\sum_{j}( x_j*(0.50052357 - 0.50031066*x_i)) - 0.50128466*x_i",
    "black_box_symb_test_MAE": 0.00012937623735827705,
    "black_box_symb_test_Var": 1.0037482407200115e-10,
    "black_box_symb_test_Std": 1.0018723674800157e-05,
    "black_box_exec_time": 26.488613963127136,
    "Number of params": 6420,
    "model_test_MAE": 0.0002892174234148115,
    "model_test_Var": 9.847822550342792e-10,
    "model_test_Std": 3.138124049546607e-05
}