{
    "black_box_symb_quant": "\\sum_{j}(x_j*(0.5 - 0.5*x_i)) - 0.5*x_i",
    "black_box_symb": "\\sum_{j}( x_j*(0.50052357 - 0.50031066*x_i)) - 0.5012855*x_i",
    "black_box_symb_test_MAE": 0.00012926039683710164,
    "black_box_symb_test_Var": 1.0011717787746848e-10,
    "black_box_symb_test_Std": 1.0005857178546398e-05,
    "black_box_exec_time": 91.97208595275879,
    "Number of params": 6420,
    "model_test_MAE": 0.0002892174234148115,
    "model_test_Var": 9.847822550342792e-10,
    "model_test_Std": 3.138124049546607e-05
}