{
    "black_box_symb_quant": "\\sum_{j}(x_j*(0.5 - 0.5*x_i)) - 0.5*x_i",
    "black_box_symb": "\\sum_{j}( x_j*(0.50052357 - 0.50031066*x_i)) - 0.5012855*x_i",
    "black_box_symb_test_MAE": 0.00012908851931570098,
    "black_box_symb_test_Var": 9.984259595914586e-11,
    "black_box_symb_test_Std": 9.992126698513479e-06,
    "black_box_exec_time": 92.16133713722229,
    "Number of params": 6420,
    "model_test_MAE": 0.0002889340588202079,
    "model_test_Var": 9.813417761293247e-10,
    "model_test_Std": 3.1326375087605084e-05
}