{
    "black_box_symb_quant": "\\sum_{j}(x_j - sin(x_j)) - 0.47*x_i",
    "black_box_symb": "\\sum_{j}( x_j - sin(x_j)) - 0.4706513*x_i",
    "black_box_symb_test_MAE": 0.007452186352262895,
    "black_box_symb_test_Var": 4.716734647208228e-07,
    "black_box_symb_test_Std": 0.0006867848751398234,
    "black_box_exec_time": 20.899025082588196,
    "Number of params": 3698,
    "model_test_MAE": 0.010338600414494673,
    "model_test_Var": 1.2192353752324491e-06,
    "model_test_Std": 0.0011041899180994404
}