,complexity,loss,score,sympy_format
4,6,7.875966e-05,6.3903367972378655,sin(-x0 + x1)/2.0057852
3,5,0.04694527,0.8111953456340568,tanh(sin(-x0 + x1))
2,4,0.105654866,0.021248085097682168,sin(x0)*(-0.08355537)
1,3,0.10792385,0.004615328277226069,0.04630631/x1
0,1,0.10892467,0.0,0.00358849480000000
