,complexity,loss,score,sympy_format
2,6,3.4569923e-06,0.19232351850305446,1.992307 - (-1.2874754e-5)*x0**3
1,5,4.190091e-06,0.04679864056974969,1.9915825 - (-0.0005011514)*x0
3,7,3.4304198e-06,0.007716289212964339,1.992307 - (-1)*1.1857146e-5*x0**3
0,1,5.052671e-06,0.0,1.99371650000000
