{
    "black_box_symb_quant": "\\sum_{j}(-0.5*sin(x_i - x_j)) + 2.0",
    "black_box_symb": "\\sum_{j}( -0.49719176*sin(x_i - x_j)) + 2.0009475",
    "black_box_symb_test_MAE": 0.001737294679818054,
    "black_box_symb_test_Var": 1.507622291045657e-08,
    "black_box_symb_test_Std": 0.0001227852715534586,
    "black_box_exec_time": 39.96833264827728,
    "Number of params": 3514,
    "model_test_MAE": 0.004582143854349852,
    "model_test_Var": 5.06081607860315e-07,
    "model_test_Std": 0.0007113941297623385
}