{
    "black_box_symb_quant": "\\sum_{j}(-0.5*x_i*x_j) + log(2.62 - x_i)",
    "black_box_symb": "\\sum_{j}( -0.49659833*x_i*x_j) + log(2.624538 - x_i)",
    "black_box_symb_test_MAE": 0.001802209997549653,
    "black_box_symb_test_Var": 9.588704887579123e-09,
    "black_box_symb_test_Std": 9.792193261766806e-05,
    "black_box_exec_time": 109.21769213676453,
    "Number of params": 1276,
    "model_test_MAE": 0.0010221411939710379,
    "model_test_Var": 1.5207261799195903e-09,
    "model_test_Std": 3.899648932813812e-05
}