{
    "black_box_symb_quant": "\\sum_{j}(x_j*(0.5 - 0.5*x_i)) - 0.5*x_i",
    "black_box_symb": "\\sum_{j}( x_j*(0.500466107700562 - 0.500647362071527*x_i)) - 0.49966174*x_i",
    "black_box_symb_test_MAE": 0.00011974307077859218,
    "black_box_symb_test_Var": 1.3272674570917887e-10,
    "black_box_symb_test_Std": 1.152070942733905e-05,
    "black_box_exec_time": 17.416819214820862,
    "spline_wise_symb_quant": "\\sum_{j}(0.08*x_j + 0.27*exp(-1.65*x_i + 0.69*x_j) - 0.12) - 0.49*x_i",
    "spline_wise_symb": "\\sum_{j}( 0.0771857781662266*x_j + 0.265520292522697*exp(-1.64949989661452*x_i + 0.692793597229323*x_j) - 0.12162580836274) - 0.49485642869693*x_i",
    "spline_wise_symb_test_MAE": 0.06654291599988937,
    "spline_wise_symb_test_Var": 4.919405087770261e-06,
    "spline_wise_symb_test_Std": 0.002217973193654572,
    "spline_wise_exec_time": 10.070479154586792,
    "Number of params": 277,
    "model_test_MAE": 0.00011343214767596994,
    "model_test_Var": 2.925668873129952e-10,
    "model_test_Std": 1.7104586733183446e-05
}