{
    "black_box_symb_quant": "\\sum_{j}(0.27 - 0.28*x_i) - 0.32*x_i + 0.05",
    "black_box_symb": "\\sum_{j}( 0.27066934 - 0.27867058*x_i) - 0.31751204*x_i + 0.05448108",
    "black_box_symb_test_MAE": 0.023171237980326016,
    "black_box_symb_test_Var": 9.569286949923866e-06,
    "black_box_symb_test_Std": 0.0030934264093273444,
    "black_box_exec_time": 17.724881410598755,
    "Number of params": 524,
    "model_test_MAE": 0.025399632131059963,
    "model_test_Var": 1.1780852900156953e-05,
    "model_test_Std": 0.0034323247078557346
}