{
    "black_box_symb_quant": "\\sum_{j}(0.27 - 0.28*x_i) - log(0.4*x_i + 1) + 0.08",
    "black_box_symb": "\\sum_{j}( 0.27067074 - 0.27867207*x_i) - log(0.39520615*x_i + 1) + 0.07526793",
    "black_box_symb_test_MAE": 0.02316865883767605,
    "black_box_symb_test_Var": 9.409235398829633e-06,
    "black_box_symb_test_Std": 0.003067447701074891,
    "black_box_exec_time": 16.204557061195374,
    "Number of params": 524,
    "model_test_MAE": 0.025372835497061413,
    "model_test_Var": 1.173999463340554e-05,
    "model_test_Std": 0.0034263675566706996
}