{"lr": 0.009706908999437316, "lamb": 0.0, "batch_size": 16, "n_hidden_layers_g_net": 2, "hidden_dims_g_net": 32, "af_g_net": "softplus", "drop_p_g_net": 0.01584506378782774, "n_hidden_layers_h_net": 2, "hidden_dims_h_net": 16, "af_h_net": "tanh", "drop_p_h_net": 0.0006054548650060797}