,complexity,loss,score,sympy_format
4,6,0.0001979026,5.444678922517784,sin(x0 - x1)*(-0.50182724)
3,5,0.04581899,0.8574354634841471,tanh(sin(-x0 + x1))
5,7,0.00011910198,0.5077948895624724,tanh(sin(x0 - x1)*(-0.5349778))
2,4,0.10800031,0.018319449760513584,sin(x1)*0.080143735
1,3,0.10999705,0.0044767466621122645,-0.056229066/x0
