,complexity,loss,score,sympy_format
1,5,9.827144e-05,0.17814716498558597,2.0034974 - 0.013434654/x0
3,7,7.6684795e-05,0.13698963577592083,2.0089948 - 0.031523716/(x0 + 0.2184246)
2,6,8.794337e-05,0.11104036117131331,2.003908 - 0.064555384/exp(x0)
0,1,0.00020040135,0.0,1.99734950000000
