,Canada,United Kingdom,Spain,Greece,Guatemala,Mexico,Panama,Costa Rica,El Salvador,Japan,Philippines,Argentina,Brazil,Chile,Ecuador,Peru,Thailand,Malaysia,Australia,China,United States
0,1.1729486,1.1689302,1.174757,1.1770854,1.1777598,1.1741306,1.1730453,1.1787789,1.1777825,1.1738422,1.1738688,1.1938763,1.173659,1.1731104,1.1765425,1.1734785,1.239248,1.1936495,1.1847761,1.1738758,1.1756814
1,8.186325,8.1786375,8.187456,8.1871605,8.185998,7.5603523,8.180165,8.187564,8.182414,8.184874,8.18788,8.199242,8.176854,8.184072,8.187426,8.183726,8.237118,8.182491,8.195648,8.17042,8.178202
