,Canada,Hong Kong,Singapore,China
0,3.3204114,3.4368925,3.381522,2.4963992
1,1.010336,1.0441102,1.0196168,0.8833205
2,0.9867709,0.9535877,0.9779975,0.20724958
