{"lr": 0.000647651502666756, "lamb": 0.0, "batch_size": 16, "n_hidden_layers_g_net": 2, "hidden_dims_g_net": 32, "af_g_net": "relu", "drop_p_g_net": 0.0011596286223681028, "n_hidden_layers_h_net": 2, "hidden_dims_h_net": 64, "af_h_net": "tanh", "drop_p_h_net": 0.0008462978964664767}