{
    "black_box_symb_quant": "\\sum_{j}(-0.5*x_i*x_j) + log(2.69 - x_i)",
    "black_box_symb": "\\sum_{j}( -0.49829742*x_i*x_j) + log(2.6874115 - x_i)",
    "black_box_symb_test_MAE": 0.007588019594550133,
    "black_box_symb_test_Var": 1.5797788380234046e-07,
    "black_box_symb_test_Std": 0.0003974643176466794,
    "black_box_exec_time": 10.913750886917114,
    "Number of params": 5538,
    "model_test_MAE": 0.007018518944581349,
    "model_test_Var": 9.900987065077624e-07,
    "model_test_Std": 0.0009950370377567674
}