{
    "black_box_symb_quant": "\\sum_{j}(-0.5*x_i*x_j) + log(2.69 - x_i)",
    "black_box_symb": "\\sum_{j}( -0.49829763*x_i*x_j) + log(2.6874115 - x_i)",
    "black_box_symb_test_MAE": 0.007574533422787984,
    "black_box_symb_test_Var": 1.5695819205265912e-07,
    "black_box_symb_test_Std": 0.0003961794947402744,
    "black_box_exec_time": 15.383642196655273,
    "Number of params": 5538,
    "model_test_MAE": 0.0070071460989614325,
    "model_test_Var": 9.88596979936686e-07,
    "model_test_Std": 0.0009942821430241448
}