{
    "spline_wise_symb_quant": "\\sum_{j}(-0.21*(0.02*sin(4.61*x_j + 6.2) + 0.07*tan(0.12*x_i - 5.01) - 1)**3 - 0.12*exp(-0.71*(x_j + 0.01)**3 - 0.46*cos(1.07*x_i - 2.35)) - 0.05*tan(0.3*(-x_j - 0.01)**3 + 1.1*tanh(0.61*x_i - 1.03) - 9.14) - 0.28 + 0.3*exp(-0.27*(0.03*sin(4.07*x_i + 3.19) - 0.22)*tan(1.05*x_j - 9.23))) - 1.45 + 1.45*exp(-0.32*x_i)",
    "spline_wise_symb": "\\sum_{j}( -0.212500258870453*(0.0159189035653375*sin(4.61488008499146*x_j + 6.20432043075562) + 0.065206677437078*tan(0.118560053408146*x_i - 5.01304006576538) - 1)**3 - 0.000434503939124816*exp(9.97599983215332*(7.26828784536337e-6 - 0.000139714424944154*(0.231040243710172 - x_i)**3)*(-0.00039872812340036*tanh(3.9960401058197*x_j - 0.859999895095825) - 0.000260320026427507)) + 0.296238936768551*exp(1.12807989120483*(0.0280756205320358*sin(4.06816005706787*x_i + 3.18560004234314) - 0.196711748838425)*(-0.271242260932922*tan(1.04847979545593*x_j - 9.23264026641846) - 0.00190842896699905)) - 0.11764384693127*exp(-0.705498785788236*(x_j + 0.00943444268907276)**3 - 0.460906725707915*cos(1.07095980644226*x_i - 2.34711980819702)) - 0.0532220862805843*tan(0.301434075122649*(-x_j - 0.00577823872501177)**3 + 1.09798740577895*tanh(0.610959827899933*x_i - 1.03175985813141) - 9.13786554218026) - 0.275801836745813) - 1.45429940804437 + 1.45157251483991*exp(-0.321024316003477*x_i)",
    "spline_wise_symb_test_MAE": 0.01057090579221646,
    "spline_wise_symb_test_Var": 6.017989246996955e-08,
    "spline_wise_symb_test_Std": 0.000245315903418367,
    "spline_wise_exec_time": 43.12946021556854,
    "Number of params": 400,
    "model_test_MAE": 0.009086327627301216,
    "model_test_Var": 4.7206727715106794e-07,
    "model_test_Std": 0.0006870715225877638
}