,complexity,loss,score,sympy_format
3,5,0.0044200253,1.301053181254574,-log(x0 + 1) + tanh(x0)
2,4,0.016235474,0.4242253270174261,x0**3*(-0.009583443)
5,7,0.0025448096,0.38216112146526976,x0*log(1.8612652 - tanh(x0))
4,6,0.0037292866,0.16992846474555692,x0*(0.8536137 - tanh(x0))
1,3,0.024814395,0.04686393159139571,x0*(-0.042024203)
