,complexity,loss,score,sympy_format
1,4,9.1011534e-05,1.2862149654702408,tanh(x1)*0.2962348
2,5,8.899007e-05,0.022461455264144756,tanh(tanh(x1)*0.30319005)
3,7,8.8942965e-05,0.0002647344328187642,tanh(tanh(x1*0.9961011)*0.30357862)
0,1,0.0043140445,0.0,0.227068040000000
