{
    "spline_wise_symb_quant": "\\sum_{j}(1.38*exp(0.04*sin(0.78*x_i + 2.82) + 0.64*tan(0.2*x_j + 5.79)) - 1.24*sin((0.57 - 2.77*tan(0.28*x_i + 6.29))*(-1.47*tan(0.35*x_j + 9.23) - 0.26) + 6.59) - 0.6) + 0.96*sin(1.09*sin(0.49*x_i - 0.42) + 9.74) - 0.13",
    "spline_wise_symb": "\\sum_{j}( 0.000109544520949205*(sin(5.81047964096069*x_i - 8.59719944000244) + 0.890937696952563*cos(9.98396015167236*x_j - 1.40399980545044) - 0.726158929836226)**2 + 1.37770392211236*exp(0.0374238131024498*sin(0.775999844074249*x_i + 2.81807994842529) + 0.636757301609599*tan(0.199200004339218*x_j + 5.79415988922119)) - 1.2439923286438*sin(0.430479854345322*(1.31653738021851 - 6.43730449676514*tan(0.276639938354492*x_i + 6.29423999786377))*(-1.47002124786377*tan(0.354319840669632*x_j + 9.22735977172852) - 0.262360781431198) + 6.58616018295288) - 0.60394857940264) + 0.964840769767761*sin(1.08638360795831*sin(0.492079854011536*x_i - 0.423519849777222) + 9.74053517867396) - 0.130228742957115",
    "spline_wise_symb_test_MAE": 0.00013982871071978784,
    "spline_wise_symb_test_Var": 2.3362299553160486e-10,
    "spline_wise_symb_test_Std": 1.5284730796831356e-05,
    "spline_wise_exec_time": 21.93946385383606,
    "spline_wise_g_symb": "0.000109544520949205*(sin(5.81047964096069*x_i - 8.59719944000244) + 0.890937696952563*cos(9.98396015167236*x_j - 1.40399980545044) - 0.726158929836226)**2 + 1.37770392211236*exp(0.0374238131024498*sin(0.775999844074249*x_i + 2.81807994842529) + 0.636757301609599*tan(0.199200004339218*x_j + 5.79415988922119)) - 1.2439923286438*sin(0.430479854345322*(1.31653738021851 - 6.43730449676514*tan(0.276639938354492*x_i + 6.29423999786377))*(-1.47002124786377*tan(0.354319840669632*x_j + 9.22735977172852) - 0.262360781431198) + 6.58616018295288) - 0.60394857940264",
    "spline_wise_h_symb": "0.964840769767761*sin(1.08638360795831*sin(0.492079854011536*x_i - 0.423519849777222) + 9.74053517867396) - 0.130228742957115",
    "Number of params": 264,
    "model_test_MAE": 0.00019420394770956287,
    "model_test_Var": 9.010235804097534e-11,
    "model_test_Std": 9.492226189939605e-06
}