{
    "black_box_symb_quant": "\\sum_{j}(-0.5*x_i*x_j) + log(2.63 - x_i)",
    "black_box_symb": "\\sum_{j}( -0.49755025*x_i*x_j) + log(2.6254953 - x_i)",
    "black_box_symb_test_MAE": 0.0016803548205643892,
    "black_box_symb_test_Var": 3.0978335446981906e-09,
    "black_box_symb_test_Std": 5.565818488504804e-05,
    "black_box_exec_time": 10.728461742401123,
    "spline_wise_symb_quant": "\\sum_{j}(-0.37*x_i*x_j - 0.05*x_i - 0.05*x_j + 0.02) - 0.51*x_i + 1.01",
    "spline_wise_symb": "\\sum_{j}( -0.36539190189499*x_i*x_j - 0.0500042809814141*x_i - 0.0525197892785455*x_j + 0.0207276683103182) - 0.50783544772763*x_i + 1.00514582297978",
    "spline_wise_symb_test_MAE": 0.004313298035413027,
    "spline_wise_symb_test_Var": 4.142069608095422e-07,
    "spline_wise_symb_test_Std": 0.0006435891242163297,
    "spline_wise_exec_time": 16.7858624458313,
    "Number of params": 287,
    "model_test_MAE": 0.0009019768719250957,
    "model_test_Var": 1.1058958327873277e-08,
    "model_test_Std": 0.00010516158199586614
}