{
    "spline_wise_symb_quant": "\\sum_{j}(0.26*tan((0.13 - 1.01*sin(1.59*x_j + 2.73))*(-0.7*sin(1.5*x_i - 0.38) - 0.14) + 3.2) - 0.07*tan(-0.07*sin(1.76*x_j - 3.93) + 0.19*tan(0.69*x_i + 2.41) + 4.46) + 0.14) - 0.58*tan(0.73*tanh(1.12*x_i - 0.71) + 2.89) + 0.51",
    "spline_wise_symb": "\\sum_{j}( 0.25960236787796*tan(1.19795989990234*(0.105000287294388 - 0.844121754169464*sin(1.59051990509033*x_j + 2.72812008857727))*(-0.697407245635986*sin(1.49624001979828*x_i - 0.378639936447144) - 0.140306696295738) + 3.19804000854492) - 0.0748380944132805*tan(-0.073660741359622*sin(1.76399993896484*x_j - 3.93276000022888) + 0.185404563615803*tan(0.694479942321777*x_i + 2.40635991096497) + 4.4605099874216) + 0.137363597750664) - 4.37751896242844e-6*tan(0.00420433994057601*(0.469442720079395 - x_i)**2 + 4.72108413646834) - 0.579161047935486*tan(0.728786723279597*tanh(1.1165999174118*x_i - 0.705479919910431) + 2.89493119299803) - 5.8088953664992e-5*tan(0.000321559516910874*tanh(4.84600019454956*x_i - 4.01287984848022) + 4.72255738772195) - 0.000177393390913494*tan(0.00012655577630983*Abs(4.85519981384277*x_i - 2.53051996231079) - 4.70408394084522) + 0.507468488067389",
    "spline_wise_symb_test_MAE": 0.0013614273630082607,
    "spline_wise_symb_test_Var": 1.0750056030273862e-08,
    "spline_wise_symb_test_Std": 0.00010368247696826046,
    "spline_wise_exec_time": 30.71558117866516,
    "Number of params": 287,
    "model_test_MAE": 0.0009019768719250957,
    "model_test_Var": 1.1058958327873277e-08,
    "model_test_Std": 0.00010516158199586614
}