{"lr": 0.0006281265387703718, "lamb": 0.0, "batch_size": 16, "n_hidden_layers_g_net": 2, "hidden_dims_g_net": 16, "af_g_net": "tanh", "drop_p_g_net": 0.00127585689597036, "n_hidden_layers_h_net": 2, "hidden_dims_h_net": 32, "af_h_net": "relu", "drop_p_h_net": 0.0006536913485043216}