,complexity,loss,score,sympy_format
4,6,0.00061557157,4.38787577878252,sin(-x0 + x1)/2.0492134
3,5,0.049534615,0.7053398273876684,sin(-x0 + x1)**3
2,4,0.10028454,0.022145005050845573,sin(x0)*(-0.08214935)
1,3,0.102530114,0.004455196883936439,0.052456886/x1
0,1,0.10344778,0.0,0.000222227350000000
