,complexity,loss,score,sympy_format
1,5,6.176129e-05,0.34302864197864985,tanh(exp(x0)) + 1.0102364
2,7,5.8655016e-05,0.025801848532459027,tanh(exp(x0) + 0.065777235) + 1.0102364
0,1,0.00024356683,0.0,2.00742720000000
