{"lr": 0.0007067445431789065, "lamb": 0.0, "batch_size": 16, "n_hidden_layers_g_net": 2, "hidden_dims_g_net": 16, "af_g_net": "tanh", "drop_p_g_net": 0.0020546120350488353, "n_hidden_layers_h_net": 2, "hidden_dims_h_net": 56, "af_h_net": "tanh", "drop_p_h_net": 0.003691641460715206}