{"lr": 0.0009273235609919028, "lamb": 0.0, "batch_size": 16, "n_hidden_layers_g_net": 2, "hidden_dims_g_net": 56, "af_g_net": "relu", "drop_p_g_net": 0.0003197602805553681, "n_hidden_layers_h_net": 1, "hidden_dims_h_net": 16, "af_h_net": "softplus", "drop_p_h_net": 0.00322569915887175}