,complexity,loss,score,sympy_format
2,4,2.9816856e-05,5.954293738556773,log(2.6210257 - x0)
5,7,5.774171e-07,1.569431041774003,1.9851388 - exp(tanh(x0*0.42684078))
4,6,2.7738622e-06,1.332053523068734,0.989707 - tan(x0*0.4684189)
3,5,1.0509653e-05,1.0427797030138695,1.0009823 - 0.50484395*x0
1,3,0.011491554,0.019362866122962327,1.2835691 - x0
