,complexity,loss,score,sympy_format
3,5,3.7053335e-06,6.699734463976567,x0*x1*(-0.4983484)
1,3,0.0031808398,0.1460972473336577,x1*(-0.20363086)
5,7,3.260816e-06,0.11160284762783353,tanh(tan(x0*x1))*(-0.49990427)
2,4,0.0030094353,0.0553927967905036,tanh(x1)*(-0.23496126)
4,6,3.6458164e-06,0.01619294975894677,sin(x1*x0*(-0.5016774))
