,complexity,loss,score,sympy_format
2,4,1.2741357e-05,6.314181400461292,x1**2*0.19899322
1,3,0.007037685,0.6700978950154353,x1*0.2370689
3,6,1.2659186e-05,0.0032350208674475503,0.1983831*(x1 + 0.0021434184)**2
4,7,1.2659043e-05,1.12962087515832e-05,x1*(x1*0.19836481 + 0.0008742404)
0,1,0.026882488,0.0,0.148633350000000
