,complexity,loss,score,sympy_format
2,4,0.00051522034,3.31135012924521,x0**2*(-0.4701342)
3,6,8.549215e-06,2.0493775939781944,x0*sin(x0*(-0.5150937))
1,3,0.014128436,0.767763670218563,0.38468027 - x0
0,1,0.06560926,0.0,-0.254893240000000
