,complexity,loss,score,sympy_format
3,4,0.015916081,1.8868112663100933,0.17662283833104*x1**2
2,3,0.105018996,1.4472003647005274,x1 - 1*0.7668892
4,5,0.008556753,0.6206091860073355,(log(x1 + 1) - 0.15920231)**3
1,2,0.44645634,0.4399066886978015,log(x1 + 1)
5,6,0.0067167776,0.2421122800455683,x1*sin(x1*0.21411327)
