,complexity,loss,score,sympy_format
2,3,0.02622565,1.8897309719330875,0.38382632 - x0
1,2,0.17355055,1.2822499504176355,-x0
4,6,0.00852523,0.8097668993128669,x0*tanh(x0*(-0.6074254))
5,7,0.0064871577,0.2732055181835714,-x0*tanh(x0)**3 - 0.041158117
3,5,0.019159466,0.15697051894728298,log(x0**3 + 1)*(-0.8604039)
