{"lr": 0.008887533992537947, "lamb": 0.0, "batch_size": 32, "n_hidden_layers_g_net": 2, "hidden_dims_g_net": 64, "af_g_net": "tanh", "drop_p_g_net": 0.14673374134879968, "n_hidden_layers_h_net": 2, "hidden_dims_h_net": 56, "af_h_net": "tanh", "drop_p_h_net": 0.42841462981387607}