{
    "black_box_symb_quant": "\\sum_{j}(0.17*x_j**3) - 0.49*x_i + 0.04",
    "black_box_symb": "\\sum_{j}( 0.169236799007141*x_j**3) - 0.49331158*x_i + 0.0421741274936083",
    "black_box_symb_test_MAE": 0.01968328468501568,
    "black_box_symb_test_Var": 1.8565323062375942e-06,
    "black_box_symb_test_Std": 0.0013625462583844977,
    "black_box_exec_time": 11.460857152938843,
    "spline_wise_symb_quant": "\\sum_{j}(0.1*x_j**3 + 0.02*x_j**2 + 0.01*x_j - (0.03 - 0.06*tanh(27.26*x_i + 5.78))*(0.2*tanh(22.95*x_j - 0.48) - 0.11) - 0.02*(-0.27*sin(11.13*x_i - 2.52) - 0.09)*tan(1.62*x_j - 0.03) - 0.01) - 0.77*exp(0.35*sin(1.8*x_i) - 0.15*cos(1.8*x_i)) - 0.19*tanh(55.43*x_i**3 - 12.04*x_i**2 - 16.19*x_i + 7.27) + 0.9",
    "spline_wise_symb": "\\sum_{j}( -0.00490744271208371*x_i + 0.103305571805236*x_j**3 + 0.0204753575543867*x_j**2 + 0.0114697439303486*x_j + 0.333944876955769*(0.00763845245607476 - 0.071790165558392*tan(1.61607222705321*x_j - 0.0327224996241025))*(-0.268980573137293*sin(11.1304432684586*x_i - 2.52034520857054) - 0.0885739502682359) - 0.156838284340744*(0.177450921705576 - 0.381095676301794*tanh(27.2634719180114*x_i + 5.77572729088276))*(0.196442313484373*tanh(22.9495063492524*x_j - 0.477402239788671) - 0.108081913510462) - 0.00615284461178642) - 0.7724597583577*exp(0.351674457927856*sin(1.79779237831909*x_i) - 0.1480166928634*cos(1.79779237831909*x_i)) - 0.190195910176178*tanh(55.4250845286103*x_i**3 - 12.0381210904927*x_i**2 - 16.1889771545007*x_i + 7.26772740761966) + 0.900560917366215",
    "spline_wise_symb_test_MAE": 0.021520855526129406,
    "spline_wise_symb_test_Var": 5.2440327756339865e-06,
    "spline_wise_symb_test_Std": 0.0022899853221437874,
    "spline_wise_exec_time": 29.01076340675354,
    "Number of params": 336,
    "model_test_MAE": 0.06779564172029495,
    "model_test_Var": 2.404768295427573e-05,
    "model_test_Std": 0.00490384369186822
}