{
    "spline_wise_symb_quant": "\\sum_{j}(-0.06*tan((0.4 - 0.82*tanh(10.0*x_i + 2.4))*(-0.27*sin(7.17*x_j - 3.59) - 0.05) + 6.2) + 0.04*tan((-0.58*sin(10.0*x_i - 2.4) - 0.22)*(-0.17*cos(10.0*x_j + 9.2) - 0.1) + 7.15) - 0.12*tan(0.76*(-x_j - 0.07)**3 + 0.56) + 0.02*tan(0.12*tan(1.43*x_j + 9.56) + 0.57*tanh(0.86*x_i - 0.8) - 6.45) + 0.03) - 0.52*x_i**3 + 0.11*x_i**2 + 0.15*x_i - 0.67*exp(0.57*x_i) + 0.71",
    "spline_wise_symb": "\\sum_{j}( -0.000253048120512613*exp(-0.00499068268801459*(-0.528978657170389*x_j - 1)**3 + 0.003696210277078*tanh(2.18631982803345*x_i - 0.236399844288826)) - 0.0636647641658783*tan(2.00847983360291*(0.1983782351017 - 0.406347781419754*tanh(10.0*x_i + 2.39999985694885))*(-0.267550885677338*sin(7.17056035995483*x_j - 3.58999991416931) - 0.0483468808233738) + 6.20024013519287) + 0.0406644940376282*tan(2.22071981430054*(-0.261204898357391*sin(10.0*x_i - 2.39999985694885) - 0.0989084839820862)*(-0.168985560536385*cos(10.0*x_j + 9.19999980926514) - 0.0984997674822807) + 7.14671993255615) - 0.121648564934731*tan(0.759926180774566*(-x_j - 0.0660625954254907)**3 + 0.00409909699173056*Abs(9.99975967407227*x_i + 3.39999985694885) + 0.560823466730585) + 0.0202049817889929*tan(0.121169335136364*tan(1.42863988876343*x_j + 9.56375980377197) + 0.565083581090331*tanh(0.855279862880707*x_i - 0.795439898967743) - 6.45077398868327) + 0.0424051441659685 - 0.0140738096450907*exp(-10.0*(2.13940838875715e-5*cos(10.0*x_j + 8.0) + 2.5253984858864e-7)*(0.000187744240975007*tanh(10.0*x_i - 1.59999990463257) - 4.29305218858644e-5))) - 0.522510786845127*x_i**3 + 0.113487388907515*x_i**2 + 0.152618895634692*x_i - 0.672081361885861*exp(0.569820983472929*x_i) + 0.708642211115244",
    "spline_wise_symb_test_MAE": 0.023961279541254044,
    "spline_wise_symb_test_Var": 4.783578631609164e-07,
    "spline_wise_symb_test_Std": 0.0006916341975068298,
    "spline_wise_exec_time": 50.01678240299225,
    "Number of params": 336,
    "model_test_MAE": 0.06779564172029495,
    "model_test_Var": 2.404768295427573e-05,
    "model_test_Std": 0.00490384369186822
}