{"lr": 0.0031139875254807513, "lamb": 0.0, "batch_size": 16, "n_hidden_layers_g_net": 2, "hidden_dims_g_net": 24, "af_g_net": "tanh", "drop_p_g_net": 0.0019301611086891815, "n_hidden_layers_h_net": 2, "hidden_dims_h_net": 56, "af_h_net": "tanh", "drop_p_h_net": 0.0006637361759668286}