{"lr": 0.0015109704937489418, "lamb": 0.0, "batch_size": 32, "n_hidden_layers_g_net": 1, "hidden_dims_g_net": 56, "af_g_net": "tanh", "drop_p_g_net": 0.004758384440449878, "n_hidden_layers_h_net": 2, "hidden_dims_h_net": 40, "af_h_net": "softplus", "drop_p_h_net": 0.017164532030507603}