{"lr": 0.0018265618026664116, "lamb": 0.0, "batch_size": 16, "n_hidden_layers_g_net": 2, "hidden_dims_g_net": 56, "af_g_net": "relu", "drop_p_g_net": 0.001163694205624506, "n_hidden_layers_h_net": 2, "hidden_dims_h_net": 16, "af_h_net": "relu", "drop_p_h_net": 0.0029061232798102796}