{"lr": 0.0073790849073353095, "lamb": 0.0, "batch_size": 16, "n_hidden_layers_g_net": 2, "hidden_dims_g_net": 32, "af_g_net": "relu", "drop_p_g_net": 0.005315767986297503, "n_hidden_layers_h_net": 1, "hidden_dims_h_net": 40, "af_h_net": "relu", "drop_p_h_net": 0.0025721803988962523}