{
    "black_box_symb_quant": "\\sum_{j}(0.27 - 0.44*x_j) - tanh(x_i + 1.09) + 1.56",
    "black_box_symb": "\\sum_{j}( 0.26708212 - 0.43527925*x_j) - tanh(x_i + 1.0912366) + 1.5624101",
    "black_box_symb_test_MAE": 0.23169241845607758,
    "black_box_symb_test_Var": 0.0007099183844118487,
    "black_box_symb_test_Std": 0.026644293655712636,
    "black_box_exec_time": 539.3158601522446,
    "Number of params": 258,
    "model_test_MAE": 0.3809460202852885,
    "model_test_Var": 0.0005972551886955162,
    "model_test_Std": 0.024438804976829702
}