{
    "black_box_symb_quant": "\\sum_{j}(0.27 - 0.44*x_j) + 0.59/tanh(exp(x_i))",
    "black_box_symb": "\\sum_{j}( 0.26710302 - 0.43530607*x_j) + 0.5936277/tanh(exp(x_i))",
    "black_box_symb_test_MAE": 0.23254229128360748,
    "black_box_symb_test_Var": 0.0007060177096846291,
    "black_box_symb_test_Std": 0.02657099376546969,
    "black_box_exec_time": 39.5632404088974,
    "Number of params": 258,
    "model_test_MAE": 0.37992510199546814,
    "model_test_Var": 0.0005930597980642697,
    "model_test_Std": 0.024352819098910697
}