{
    "black_box_symb_quant": "\\sum_{j}(-0.16*log(x_i)) - 0.19*log(x_i + 1) - 0.04",
    "black_box_symb": "\\sum_{j}( -0.16320519*log(x_i)) - 0.18819954*log(x_i + 1) - 0.037945647",
    "black_box_symb_test_MAE": 0.029455694059530895,
    "black_box_symb_test_Var": 4.508717059577129e-06,
    "black_box_symb_test_Std": 0.0021233739801497825,
    "black_box_exec_time": 143.81322717666626,
    "Number of params": 482,
    "model_test_MAE": 0.027961941435933113,
    "model_test_Var": 7.665686009796871e-06,
    "model_test_Std": 0.0027686975294887073
}