,complexity,loss,score,sympy_format
1,3,6.8106315e-06,3.493492262797773,x0*(-0.49647868)
2,4,6.3276826e-07,2.3761358689541368,sin(x0*(-0.50875914))
3,6,1.785972e-07,0.6324856331698855,sin(x0*(-0.51311225)) + 0.002840145
0,1,0.0073721847,0.0,-0.328146930000000
