,complexity,loss,score,sympy_format
5,7,1.4554288e-06,5.981455080043662,x1*0.5015045*(0.9985194 - x0)
3,5,0.00074043515,1.2283653917547561,x1/exp(3*x0)
2,4,0.0025290612,0.5170444586942522,-0.21612476*log(x0)
4,6,0.00057637336,0.2504824087576136,log(x1/exp(3*x0) + 1)
1,3,0.0042413967,0.06225500191557108,x1*0.13201044
