{"lr": 0.0006674239709387758, "lamb": 0.0, "batch_size": 16, "n_hidden_layers_g_net": 2, "hidden_dims_g_net": 40, "af_g_net": "relu", "drop_p_g_net": 0.00036142555289045533, "n_hidden_layers_h_net": 1, "hidden_dims_h_net": 16, "af_h_net": "softplus", "drop_p_h_net": 0.0011263688455211633}