{"lr": 0.003841262202980238, "lamb": 0.0, "batch_size": 32, "n_hidden_layers_g_net": 2, "hidden_dims_g_net": 48, "af_g_net": "relu", "drop_p_g_net": 0.003416589565261353, "n_hidden_layers_h_net": 1, "hidden_dims_h_net": 24, "af_h_net": "relu", "drop_p_h_net": 0.10709758429266122}