{"lr": 0.005145941299364181, "lamb": 0.0, "batch_size": 16, "n_hidden_layers_g_net": 2, "hidden_dims_g_net": 32, "af_g_net": "tanh", "drop_p_g_net": 0.0006831730010729348, "n_hidden_layers_h_net": 2, "hidden_dims_h_net": 32, "af_h_net": "softplus", "drop_p_h_net": 0.0035280789676015788}