{
    "black_box_symb_quant": "\\sum_{j}(0.2*x_j**3) - 0.5*x_i",
    "black_box_symb": "\\sum_{j}( 0.200043456054492*x_j**3) - 0.499928060352115*x_i",
    "black_box_symb_test_MAE": 1.73781560685408e-05,
    "black_box_symb_test_Var": 2.265580373178434e-12,
    "black_box_symb_test_Std": 1.5051844980527914e-06,
    "black_box_exec_time": 509.006898522377,
    "spline_wise_symb_quant": "\\sum_{j}(0.15*x_j**3 + 0.01*x_j**2 + 0.02*x_j) - 0.29*x_i - 0.17*tanh(1.43*x_i - 0.08) - 0.01",
    "spline_wise_symb": "\\sum_{j}( 0.147436911725198*x_j**3 + 0.00661481846717002*x_j**2 + 0.0204360149063404*x_j) - 0.286288588196007*x_i - 0.174423011263706*tanh(1.42705364409437*x_i - 0.077983242891135) - 0.0122443304778512",
    "spline_wise_symb_test_MAE": 0.005407416261732578,
    "spline_wise_symb_test_Var": 1.0107974485553245e-06,
    "spline_wise_symb_test_Std": 0.001005384229315004,
    "spline_wise_exec_time": 9.039306282997131,
    "Number of params": 294,
    "model_test_MAE": 0.00026198988295315456,
    "model_test_Var": 2.1526992571854367e-09,
    "model_test_Std": 4.639719018631879e-05
}