{"lr": 0.006029367418005766, "lamb": 0.0, "batch_size": 16, "n_hidden_layers_g_net": 2, "hidden_dims_g_net": 48, "af_g_net": "softplus", "drop_p_g_net": 0.017272849816930294, "n_hidden_layers_h_net": 2, "hidden_dims_h_net": 16, "af_h_net": "softplus", "drop_p_h_net": 0.0005261405772310693}