{
    "black_box_symb_quant": "\\sum_{j}(0.6 - x_j) + 0.31/tanh(x_i + 0.18)",
    "black_box_symb": "\\sum_{j}( 0.60392463 - x_j) + 0.31174573/tanh(x_i + 0.17579846)",
    "black_box_symb_test_MAE": 0.40677594145139057,
    "black_box_symb_test_Var": 0.0008281983558892215,
    "black_box_symb_test_Std": 0.028778435605314293,
    "black_box_exec_time": 558.0493993759155,
    "Number of params": 1140,
    "model_test_MAE": 0.4215041697025299,
    "model_test_Var": 0.002260187018493435,
    "model_test_Std": 0.04754142423711594
}