{
    "black_box_symb_quant": "\\sum_{j}(0.6 - x_j) + tan(exp(-tanh(1.89*x_i)))",
    "black_box_symb": "\\sum_{j}( 0.60392463 - x_j) + tan(exp(-tanh(1.8898956*x_i)))",
    "black_box_symb_test_MAE": 0.43036816517512005,
    "black_box_symb_test_Var": 0.000993475102161017,
    "black_box_symb_test_Std": 0.03151944006737774,
    "black_box_exec_time": 33.46381163597107,
    "Number of params": 1140,
    "model_test_MAE": 0.4205476740996043,
    "model_test_Var": 0.0022493297341473883,
    "model_test_Std": 0.04742709915383175
}