{
    "black_box_symb_quant": "\\sum_{j}(0.6 - x_j) + tan(exp(-tanh(1.89*x_i)))",
    "black_box_symb": "\\sum_{j}( 0.6039246 - x_j) + tan(exp(-tanh(1.8898948*x_i)))",
    "black_box_symb_test_MAE": 0.4315395752588908,
    "black_box_symb_test_Var": 0.0009983335413728473,
    "black_box_symb_test_Std": 0.0315964165906966,
    "black_box_exec_time": 11.717594861984253,
    "Number of params": 1140,
    "model_test_MAE": 0.4215041697025299,
    "model_test_Var": 0.002260187018493435,
    "model_test_Std": 0.04754142423711594
}