{"lr": 0.013314625475258983, "lamb": 0.0, "batch_size": 16, "n_hidden_layers_g_net": 1, "hidden_dims_g_net": 56, "af_g_net": "tanh", "drop_p_g_net": 0.002089422544526773, "n_hidden_layers_h_net": 1, "hidden_dims_h_net": 64, "af_h_net": "relu", "drop_p_h_net": 0.02033178731254774}