{"lr": 0.001320578730304528, "lamb": 0.0, "batch_size": 16, "n_hidden_layers_g_net": 2, "hidden_dims_g_net": 48, "af_g_net": "relu", "drop_p_g_net": 0.00023982652030285118, "n_hidden_layers_h_net": 2, "hidden_dims_h_net": 48, "af_h_net": "softplus", "drop_p_h_net": 0.00027996498710897773}