{"lr": 0.007044017196830412, "lamb": 0.0, "batch_size": 32, "n_hidden_layers_g_net": 1, "hidden_dims_g_net": 16, "af_g_net": "tanh", "drop_p_g_net": 0.023401962135737246, "n_hidden_layers_h_net": 2, "hidden_dims_h_net": 40, "af_h_net": "tanh", "drop_p_h_net": 0.0014156645472735052}