,complexity,loss,score,sympy_format
2,5,4.6854484e-06,2.5814294109341365,0.99604243 - 0.4932584*x0
1,4,6.192296e-05,1.738191082150293,log(2.6250175 - x0)
3,6,2.9606224e-06,0.4590621043198051,sin(x0*(-0.5156167)) + 1.0028218
4,7,1.9098122e-06,0.4383946038855167,log(2.7004999 + sin(x0)*(-1.2222819))
0,1,0.011389695,0.0,0.712422000000000
