,complexity,loss,score,sympy_format
3,5,2.3227274e-06,7.150641879135561,x0*x1*(-0.49854413)
4,6,1.8782775e-06,0.21238696519747827,sin(x1*x0*(-0.50189805))
5,7,1.6105388e-06,0.1537863520525459,x0*(-0.49200186)*(x1 + 0.0069744424)
1,3,0.0031366276,0.1452777645465133,x0*(-0.20428476)
2,4,0.002961301,0.05751951121704876,tanh(x0)*(-0.23575154)
