{
    "black_box_symb_quant": "\\sum_{j}(x_j*(0.5 - 0.5*x_i)) - 0.5*x_i",
    "black_box_symb": "\\sum_{j}( x_j*(0.5001155 - 0.5002439*x_i)) - 0.49971062*x_i",
    "black_box_symb_test_MAE": 3.22361441552251e-05,
    "black_box_symb_test_Var": 2.1891731062645337e-11,
    "black_box_symb_test_Std": 4.678860017423618e-06,
    "black_box_exec_time": 47.020599484443665,
    "spline_wise_symb_quant": "\\sum_{j}(-0.5*x_i*x_j + 0.5*x_j) - 0.5*x_i",
    "spline_wise_symb": "\\sum_{j}( -0.49615459900791*x_i*x_j + 0.497083326045414*x_j) - 0.498872487243435*x_i",
    "spline_wise_symb_test_MAE": 0.0005103934575648358,
    "spline_wise_symb_test_Var": 2.8099044515079918e-09,
    "spline_wise_symb_test_Std": 5.3008531874670816e-05,
    "spline_wise_exec_time": 17.7708877325058,
    "Number of params": 264,
    "model_test_MAE": 0.00019420394770956287,
    "model_test_Var": 9.010235804097534e-11,
    "model_test_Std": 9.492226189939605e-06
}