{
    "spline_wise_symb_quant": "\\sum_{j}(2.14*exp(0.89*tan(0.1*x_j - 0.71) - 0.05*tanh(0.56*x_i - 0.24)) + 1.23*sin((0.73 - 3.2*tan(0.24*x_i - 3.08))*(-1.45*tan(0.36*x_j - 3.34) - 0.26) + 3.44) - 0.63) + 0.98*sin(1.06*sin(0.5*x_i - 0.43) + 3.46) - 0.12",
    "spline_wise_symb": "\\sum_{j}( 0.000163771393086854*(-sin(4.99998998641968*x_i - 4.90000009536743) - 0.704415970188217*Abs(4.47864007949829*x_j - 3.36232018470764) - 0.119951455215529)**2 + 2.13506122029604*exp(0.893927802282079*tan(0.103040002286434*x_j - 0.707719922065735) - 0.0513047495085615*tanh(0.559839904308319*x_i - 0.235279932618141)) + 1.22546529769897*sin(0.43627992272377*(1.68460214138031 - 7.32418584823608*tan(0.24071991443634*x_i - 3.08143997192383))*(-1.45424580574036*tan(0.357999920845032*x_j - 3.33755993843079) - 0.257262587547302) + 3.43923997879028) - 0.627609388204291) + 0.979816138744354*sin(1.05773385351722*sin(0.497999936342239*x_i - 0.427759945392609) + 3.45773237056025) - 0.124384090304375",
    "spline_wise_symb_test_MAE": 0.00014402520415994027,
    "spline_wise_symb_test_Var": 1.3435901014583254e-10,
    "spline_wise_symb_test_Std": 1.1591333406723858e-05,
    "spline_wise_exec_time": 37.939252495765686,
    "Number of params": 264,
    "model_test_MAE": 0.00019420394770956287,
    "model_test_Var": 9.010235804097534e-11,
    "model_test_Std": 9.492226189939605e-06
}