,complexity,loss,score,sympy_format
3,5,1.2816249e-06,7.775136239798,x1*x0*(-0.5007187)
1,3,0.003218933,0.15075421572360592,x1*(-0.20500465)
2,4,0.0030511229,0.053540251384658094,tanh(x1)*(-0.23648505)
4,7,1.2606465e-06,0.008252020684520895,(x0 - 1*0.0011839945)*(-0.5018523)*x1
0,1,0.0043516643,0.0,-0.101417500000000
