,complexity,loss,score,sympy_format
2,5,1.632801e-06,2.977549541492081,0.99743336 + x0*(-0.49532375)
1,4,3.206761e-05,1.9587607317148121,log(2.6252111 - x0)
3,7,1.6327899e-06,3.3990785557389228e-06,x0*(-0.49532214) - 1*0.13682076 + 1.1342533
0,1,0.011431508,0.0,0.713364660000000
