{
    "spline_wise_symb_quant": "\\sum_{j}(-0.49*sin(1.0*x_i - 1.01*x_j + 0.1)) + 2.01",
    "spline_wise_symb": "\\sum_{j}( 0.00143654958810657 - 0.48680305480957*sin(0.998841389144152*x_i - 1.01406996212518*x_j + 0.10352812281719)) + 2.01313233375549",
    "spline_wise_symb_test_MAE": 0.0329027051726977,
    "spline_wise_symb_test_Var": 3.8121860289749685e-05,
    "spline_wise_symb_test_Std": 0.006174290266075097,
    "spline_wise_exec_time": 10.259966492652893,
    "Number of params": 138,
    "model_test_MAE": 0.03685015129546324,
    "model_test_Var": 7.464270905152173e-05,
    "model_test_Std": 0.00863960120905599
}