{
    "spline_wise_symb_quant": "\\sum_{j}(0.49*sin(-1.0*x_i + 8.81*cos(0.12*x_j + 4.23) + 4.05)) + 2.01",
    "spline_wise_symb": "\\sum_{j}( 0.48680305480957*sin(-0.998841389144152*x_i + 8.81080101297619*cos(0.116999991238117*x_j + 4.23199987411499) + 4.05393416639768) + 0.00143654958810657) + 2.01187250858545",
    "spline_wise_symb_test_MAE": 0.04665224875013033,
    "spline_wise_symb_test_Var": 6.611553683154149e-05,
    "spline_wise_symb_test_Std": 0.008131146095818319,
    "spline_wise_exec_time": 9.585433959960938,
    "Number of params": 138,
    "model_test_MAE": 0.03685015129546324,
    "model_test_Var": 7.464270905152173e-05,
    "model_test_Std": 0.00863960120905599
}