{"lr": 0.013290144950387937, "lamb": 0.0, "batch_size": 32, "n_hidden_layers_g_net": 2, "hidden_dims_g_net": 48, "af_g_net": "relu", "drop_p_g_net": 0.003954342376108421, "n_hidden_layers_h_net": 1, "hidden_dims_h_net": 48, "af_h_net": "softplus", "drop_p_h_net": 0.0029893075369249473}