{"lr": 0.0005001227533765781, "lamb": 0.0, "batch_size": 16, "n_hidden_layers_g_net": 2, "hidden_dims_g_net": 40, "af_g_net": "relu", "drop_p_g_net": 0.0006520793059645129, "n_hidden_layers_h_net": 1, "hidden_dims_h_net": 56, "af_h_net": "tanh", "drop_p_h_net": 0.06628552798822852}