{"lr": 0.0006868846459955481, "lamb": 0.0, "batch_size": 16, "n_hidden_layers_g_net": 2, "hidden_dims_g_net": 56, "af_g_net": "tanh", "drop_p_g_net": 0.0015271498281735432, "n_hidden_layers_h_net": 2, "hidden_dims_h_net": 40, "af_h_net": "softplus", "drop_p_h_net": 0.002939809358556153}