{"lr": 0.00489570171304917, "lamb": 0.0, "batch_size": 16, "n_hidden_layers_g_net": 2, "hidden_dims_g_net": 40, "af_g_net": "relu", "drop_p_g_net": 0.0034644949178776778, "n_hidden_layers_h_net": 1, "hidden_dims_h_net": 40, "af_h_net": "tanh", "drop_p_h_net": 0.025878149888372674}