,complexity,loss,score,sympy_format
4,6,0.00048297935,4.672144365018131,sin(x0 - x1)*(-0.48498482)
3,5,0.05164343,0.6613306638060265,tanh(sin(-x0 + x1))
2,4,0.10005236,0.02382313854658039,sin(x0)*(-0.08528162)
1,3,0.10246454,0.004718234903948557,0.049273543/x1
0,1,0.10343602,0.0,0.00482009070000000
