,complexity,loss,score,sympy_format
2,6,0.00026514594,0.26177131791598623,1.987027 - (-3.1518855e-5)*exp(x0)
1,5,0.0003444854,0.0434766747367194,1.989068 - (-1)*0.014846305/x0
3,7,0.00026504864,0.00036703506509742575,1.987027 - tanh(exp(x0)*(-3.1613305e-5))
0,1,0.00040991852,0.0,1.99452760000000
