{"lr": 0.002421615681208064, "lamb": 0.0, "batch_size": 16, "n_hidden_layers_g_net": 1, "hidden_dims_g_net": 48, "af_g_net": "tanh", "drop_p_g_net": 0.0032093240399188074, "n_hidden_layers_h_net": 1, "hidden_dims_h_net": 64, "af_h_net": "relu", "drop_p_h_net": 0.0013475054897354394}