{
    "black_box_symb_quant": "\\sum_{j}(-0.5*sin(x_i - x_j)) + 2.0",
    "black_box_symb": "\\sum_{j}( -0.4997564*sin(x_i - x_j)) - 3.89718235274769e-6*exp(x_i) + 2.0009",
    "black_box_symb_test_MAE": 0.000525676713247473,
    "black_box_symb_test_Var": 1.5105578458765708e-08,
    "black_box_symb_test_Std": 0.00012290475360524387,
    "black_box_exec_time": 646.7371040582657,
    "spline_wise_symb_quant": "\\sum_{j}(0.5*cos(1.0*x_i - 1.0*x_j + 1.57)) + 2.0",
    "spline_wise_symb": "\\sum_{j}( 0.499779161252369*cos(1.00058142350683*x_i - 1.00154193400183*x_j + 1.5703513084265)) + 1.99896192575157",
    "spline_wise_symb_test_MAE": 0.0022030010974655547,
    "spline_wise_symb_test_Var": 2.0978495420216526e-08,
    "spline_wise_symb_test_Std": 0.00014483955060761727,
    "spline_wise_exec_time": 7.851837635040283,
    "Number of params": 221,
    "model_test_MAE": 0.001870445868310829,
    "model_test_Var": 9.885763786732787e-08,
    "model_test_Std": 0.0003144163447839948
}