,complexity,loss,score,sympy_format
2,4,9.18794e-06,5.221216042562675,0.197662553299205*x1**2
1,3,0.0017012317,0.7855557308440015,x1*0.18186994
3,6,8.829729e-06,0.019883715615252144,(x1*0.44155958 - 1*(-0.0030618673))**2
0,1,0.008186316,0.0,0.104918620000000
