,complexity,loss,score,sympy_format
3,5,2.7529195e-05,2.551542343821889,sin(x0**2*(-0.5081722))
2,4,0.00035311346,2.4620685671255824,x0**2*(-0.4810265)
1,3,0.004141685,0.9205575274965277,x0/(-2.5474308)
4,7,1.2736602e-05,0.3853835911629587,sin(x0*sin(x0*(-0.5278017)))
0,1,0.026107373,0.0,-0.200532640000000
