,complexity,loss,score,sympy_format
4,6,0.000102737904,6.1570451240560695,sin(-x0 + x1)*0.4950775
3,5,0.048495498,0.7742316721180773,tanh(sin(-x0 + x1))
2,4,0.1051831,0.016593060706927443,sin(x0)*(-0.07675347)
1,3,0.10694297,0.004604331151117376,-0.056159567/x0
0,1,0.10793232,0.0,0.000555113400000000
