,complexity,loss,score,sympy_format
3,7,4.3594682e-05,0.6070248370156608,exp(sin(x0)*0.004879089 - 1*(-0.69295365))
2,6,7.999467e-05,0.06715659767151907,6.86782130465398e-5*x0**3 + 1.9927163
1,5,8.5551335e-05,0.01136130203688765,1.9940345 - (-0.0010792423)*x0
0,1,8.952893e-05,0.0,1.99860600000000
