{"lr": 0.00070686976853818, "lamb": 0.0, "batch_size": 32, "n_hidden_layers_g_net": 2, "hidden_dims_g_net": 64, "af_g_net": "softplus", "drop_p_g_net": 0.0004539289334689946, "n_hidden_layers_h_net": 1, "hidden_dims_h_net": 64, "af_h_net": "relu", "drop_p_h_net": 0.16345131369833132}