{
    "black_box_symb_quant": "\\sum_{j}(-0.49*sin(x_i - x_j)) + 1.98 + 0.22*exp(-x_i)",
    "black_box_symb": "\\sum_{j}( -0.49087143*sin(x_i - x_j)) + 1.9763604 + 0.216901531568692*exp(-x_i)",
    "black_box_symb_test_MAE": 0.012671921402215958,
    "black_box_symb_test_Var": 2.959505530632118e-06,
    "black_box_symb_test_Std": 0.001720321345165524,
    "black_box_exec_time": 33.51363265514374,
    "Number of params": 4610,
    "model_test_MAE": 0.023420780897140503,
    "model_test_Var": 1.0944403551089537e-06,
    "model_test_Std": 0.0010461550339739105
}