{
    "black_box_symb_quant": "\\sum_{j}(-0.49*sin(x_i - x_j)) - 0.05*log(x_i) + 2.05",
    "black_box_symb": "\\sum_{j}( -0.49086767*sin(x_i - x_j)) - 0.04511859*log(x_i) + 2.0498374",
    "black_box_symb_test_MAE": 0.01353593481083711,
    "black_box_symb_test_Var": 5.800677669647114e-07,
    "black_box_symb_test_Std": 0.0007616218004788934,
    "black_box_exec_time": 50.86627388000488,
    "Number of params": 4610,
    "model_test_MAE": 0.023357693726817768,
    "model_test_Var": 1.0822099300643165e-06,
    "model_test_Std": 0.0010402931942795342
}