{
    "tss_test_mae_": 0.036044025172789894,
    "tss_test_var_": 1.2206604668749429e-06,
    "tss_test_std_": 0.0011048350405716424,
    "tss_test_mae_70db": 0.03708266963561376,
    "tss_test_var_70db": 2.1507763171681031e-07,
    "tss_test_std_70db": 0.00046376462965259685,
    "tss_test_mae_50db": NaN,
    "tss_test_var_50db": NaN,
    "tss_test_std_50db": NaN,
    "tss_test_mae_20db": 0.18021548291047415,
    "tss_test_var_20db": 0.00045013090946064175,
    "tss_test_std_20db": 0.0212162887768017,
    "error_20db": "Evaluation failed !"
}