{"lr": 0.0010141027114282213, "lamb": 0.0, "batch_size": 16, "n_hidden_layers_g_net": 2, "hidden_dims_g_net": 56, "af_g_net": "relu", "drop_p_g_net": 0.0004023472737593524, "n_hidden_layers_h_net": 1, "hidden_dims_h_net": 8, "af_h_net": "tanh", "drop_p_h_net": 0.0023428993594576735}