{"lr": 0.025534144731839892, "lamb": 0.0, "batch_size": 32, "n_hidden_layers_g_net": 1, "hidden_dims_g_net": 32, "af_g_net": "tanh", "drop_p_g_net": 0.0038070499715451593, "n_hidden_layers_h_net": 2, "hidden_dims_h_net": 48, "af_h_net": "softplus", "drop_p_h_net": 0.013261268391904231}