{"lr": 0.0007276374414092009, "lamb": 0.0, "batch_size": 16, "n_hidden_layers_g_net": 2, "hidden_dims_g_net": 16, "af_g_net": "relu", "drop_p_g_net": 0.00018100829114605597, "n_hidden_layers_h_net": 1, "hidden_dims_h_net": 56, "af_h_net": "tanh", "drop_p_h_net": 0.0011253045099820901}