{"lr": 0.0008787763958564248, "lamb": 0.0, "batch_size": 32, "n_hidden_layers_g_net": 2, "hidden_dims_g_net": 40, "af_g_net": "relu", "drop_p_g_net": 0.00027447772335530005, "n_hidden_layers_h_net": 2, "hidden_dims_h_net": 56, "af_h_net": "tanh", "drop_p_h_net": 0.04503869393428658}