{
    "black_box_symb_quant": "\\sum_{j}(0.2*x_j**3) - 0.5*x_i",
    "black_box_symb": "\\sum_{j}( 0.19919700434276*x_j**3) - 0.4967768*x_i",
    "black_box_symb_test_MAE": 0.000536497177866598,
    "black_box_symb_test_Var": 2.1578510717257917e-10,
    "black_box_symb_test_Std": 1.4689625835009522e-05,
    "black_box_exec_time": 25.854427933692932,
    "Number of params": 1668,
    "model_test_MAE": 0.0013550774892792106,
    "model_test_Var": 1.749526305981688e-09,
    "model_test_Std": 4.182733921709207e-05
}