{
    "black_box_symb_quant": "\\sum_{j}(-tan(sin(x_i - x_j))**3) + exp(-x_i*(x_i**3 - 4.62))",
    "black_box_symb": "\\sum_{j}( -tan(sin(x_i - x_j))**3) + exp(-x_i*(x_i**3 - 4.615395))",
    "black_box_symb_test_MAE": 1.072082281112671,
    "black_box_symb_test_Var": 0.0017068507371504893,
    "black_box_symb_test_Std": 0.04131405011797427,
    "black_box_exec_time": 11.974452257156372,
    "Number of params": 4570,
    "model_test_MAE": 1.1644896268844604,
    "model_test_Var": 0.013443227512775971,
    "model_test_Std": 0.11594493310522876
}