{
    "black_box_symb_quant": "\\sum_{j}(-tan(sin(x_i - x_j))**3) + 36.36*exp(-x_i)",
    "black_box_symb": "\\sum_{j}( -tan(sin(x_i - x_j))**3) + 36.3616082634817*exp(-x_i)",
    "black_box_symb_test_MAE": 0.9805905818939209,
    "black_box_symb_test_Var": 0.006162233998916615,
    "black_box_symb_test_Std": 0.07849989808220527,
    "black_box_exec_time": 18.473872780799866,
    "Number of params": 4570,
    "model_test_MAE": 1.1644896268844604,
    "model_test_Var": 0.013443227512775971,
    "model_test_Std": 0.11594493310522876
}