{
    "black_box_symb_quant": "\\sum_{j}(-0.08*tanh(2.41*x_j)) + (x_i**9 - 0.69)**2",
    "black_box_symb": "\\sum_{j}( -0.0845342*tanh(2.4068177*x_j)) + (x_i**9 - 0.6914832)**2",
    "black_box_symb_test_MAE": 0.09759667764107387,
    "black_box_symb_test_Var": 5.323104932569094e-05,
    "black_box_symb_test_Std": 0.00729596116530858,
    "black_box_exec_time": 48.17471957206726,
    "spline_wise_symb_quant": "\\sum_{j}((0.18*x_j - 0.01)*(0.25*cos(1.24*x_i + 0.42) - 1.29) + 0.19*(x_j - 0.06)**2*(0.2*cos(1.24*x_i + 0.42) - 1)**2 - 0.01) - 1.12*x_i + 4.46*(0.34 - x_i)**3 + 4.53*(0.34 - x_i)**2 - 0.08*exp(3.16*sin(4.1*x_i - 2.63)) + 1.48*tanh(79.61*x_i**3 - 129.38*x_i**2 + 75.37*x_i - 25.89) + 2.51",
    "spline_wise_symb": "\\sum_{j}( 0.189594095504551*(x_j - 0.0613710903015146)**2*(0.195735699532971*cos(1.24084624028649*x_i + 0.415386387625152) - 1)**2 + 0.128749162249867*(1.42318784520995*x_j - 0.087342589764398)*(0.251527571462152*cos(1.24084624028649*x_i + 0.415386387625152) - 1.28503677184235) - 0.00870660870374145) - 1.11693596018966*x_i + 4.4605516889973*(0.338678365747854 - x_i)**3 + 4.5275447637561*(0.338678365747854 - x_i)**2 - 0.0759477412966365*exp(3.16328645501909*sin(4.09976522678679*x_i - 2.63169199692219)) + 1.48343430531639*tanh(79.6077303231571*x_i**3 - 129.377037658296*x_i**2 + 75.3720807884211*x_i - 25.8879261169971) + 2.5069047694826",
    "spline_wise_symb_test_MAE": 0.05544472113251686,
    "spline_wise_symb_test_Var": 6.754756685442564e-05,
    "spline_wise_symb_test_Std": 0.008218732679338443,
    "spline_wise_exec_time": 11.130921602249146,
    "Number of params": 408,
    "model_test_MAE": 0.12453502664963405,
    "model_test_Var": 9.519241864750259e-05,
    "model_test_Std": 0.009756660219947325
}