{
    "spline_wise_symb_quant": "\\sum_{j}(0.07*((1.13 - 0.22*sin(1.24*x_i + 1.99))*(3.9*sin(0.55*x_j + 5.18) + 3.47) - 1)**2 - 0.08) - 1.12*x_i + 4.46*(0.34 - x_i)**3 + 4.53*(0.34 - x_i)**2 - 0.08*exp(3.16*sin(4.1*x_i - 2.63)) + 1.48*tanh(79.61*x_i**3 - 129.38*x_i**2 + 75.37*x_i - 25.89) + 2.51",
    "spline_wise_symb": "\\sum_{j}( 0.0731066723602441*(-0.88053519438584*(0.252655148506165*sin(1.23599982261658*x_i + 1.98727989196777) - 1.28590488433838)*(3.89549946784973*sin(0.545119881629944*x_j + 5.18135976791382) + 3.47215533256531) - 1)**2 - 0.000110930471880275*exp(0.0065879112819553*(-0.442171550165756*x_i - 1)**2 + 0.0504881703836511*exp(0.516639828681946*x_j)) - 0.0821378283435479) - 1.11693596018966*x_i + 4.4605516889973*(0.338678365747854 - x_i)**3 + 4.5275447637561*(0.338678365747854 - x_i)**2 - 0.0759477412966365*exp(3.16328645501909*sin(4.09976522678679*x_i - 2.63169199692219)) + 1.48343430531639*tanh(79.6077303231571*x_i**3 - 129.377037658296*x_i**2 + 75.3720807884211*x_i - 25.8879261169971) + 2.5069047694826",
    "spline_wise_symb_test_MAE": 0.0555174412826697,
    "spline_wise_symb_test_Var": 6.762881574368416e-05,
    "spline_wise_symb_test_Std": 0.008223674102472942,
    "spline_wise_exec_time": 14.547698497772217,
    "Number of params": 408,
    "model_test_MAE": 0.12453502664963405,
    "model_test_Var": 9.519241864750259e-05,
    "model_test_Std": 0.009756660219947325
}