{
    "spline_wise_symb_quant": "\\sum_{j}(0.07*((1.13 - 0.22*sin(1.25*x_i + 1.98))*(3.89*cos(0.55*x_j - 2.67) + 3.47) - 1)**2 - 0.08) - 0.06*sin(7.81*tanh(5.0*x_i - 3.3) + 5.65) + 0.46*tanh(30.23*sin(4.1*x_i + 0.51) + 9.25) + 1.44*tanh(1.46*tan(2.23*x_i - 4.32) - 3.08) + 1.63",
    "spline_wise_symb": "\\sum_{j}( 0.0731066723602441*(-0.88053519438584*(0.249225631356239*sin(1.25035989284515*x_i + 1.98483991622925) - 1.2831312417984)*(3.8912832736969*cos(0.545439898967743*x_j - 2.6723198890686) + 3.46784043312073) - 1)**2 - 5.59774875341645e-8*tan(0.000856538057630692*(-0.442171550165756*x_i - 1)**2 - 0.00369832584474399*(-0.300004806595565*x_j - 1)**3 + 4.71340519788765) - 0.0822646078886464) - 0.0587392337620258*sin(7.81263762482638*tanh(5.0*x_i - 3.29999995231628) + 5.6531655841618) + 0.455768376588821*tanh(30.2305990380773*sin(4.09944009780884*x_i + 0.509959876537323) + 9.24555870212941) + 1.44348168373108*tanh(1.46145572367097*tan(2.23027992248535*x_i - 4.32231998443604) - 3.08403699705238) + 1.6253387760371",
    "spline_wise_symb_test_MAE": 0.07338475187619527,
    "spline_wise_symb_test_Var": 5.417612319278151e-05,
    "spline_wise_symb_test_Std": 0.007360443138343065,
    "spline_wise_exec_time": 27.205141067504883,
    "Number of params": 408,
    "model_test_MAE": 0.12453502664963405,
    "model_test_Var": 9.519241864750259e-05,
    "model_test_Std": 0.009756660219947325
}