{"lr": 0.0013438905179888835, "lamb": 0.0, "batch_size": 16, "n_hidden_layers_g_net": 2, "hidden_dims_g_net": 64, "af_g_net": "relu", "drop_p_g_net": 0.000546630139517978, "n_hidden_layers_h_net": 2, "hidden_dims_h_net": 32, "af_h_net": "softplus", "drop_p_h_net": 0.00023128547174172426}