{
    "black_box_symb_quant": "\\sum_{j}(-0.5*x_i*x_j) - 0.5*x_i + 1.0",
    "black_box_symb": "\\sum_{j}( -0.49895626*x_i*x_j) - 0.497013*x_i + 0.9987077133561",
    "black_box_symb_test_MAE": 0.0003754452142554025,
    "black_box_symb_test_Var": 9.384574039550573e-10,
    "black_box_symb_test_Std": 3.0634252136376e-05,
    "black_box_exec_time": 39.608781814575195,
    "Number of params": 2122,
    "model_test_MAE": 0.00038384647147419554,
    "model_test_Var": 2.0909670727479317e-10,
    "model_test_Std": 1.4460176599018187e-05
}