,complexity,loss,score,sympy_format
4,6,0.00023050606,2.248922773067324,log(x0 + 1)*(-0.18945278)*x0
2,4,0.0034536289,1.088472857664362,x0**2*(-0.085431576)
1,3,0.010256364,0.8146340688546074,x0*(-0.20540865)
3,5,0.002184626,0.457980886455056,0.16994397 - 0.31152007*x0
0,1,0.0523089,0.0,-0.189527960000000
