,complexity,loss,score,sympy_format
2,4,2.7519778e-05,2.447708604982787,tanh(x1)*0.2749344
4,6,5.1006564e-06,1.3073358596864306,tanh(x1 - 0.04756207)*0.27906224
3,5,1.8853623e-05,0.3781998491549682,tan(tanh(x1)*0.26969877)
5,7,5.0081585e-06,0.01830095467275221,tan(tanh(x1)*0.28690004 - 0.014683648)
1,2,0.0036787274,8.154993701999826e-08,0.217616320000000
