{"lr": 0.004029577504723336, "lamb": 0.0, "batch_size": 32, "n_hidden_layers_g_net": 2, "hidden_dims_g_net": 48, "af_g_net": "tanh", "drop_p_g_net": 0.05908368086790094, "n_hidden_layers_h_net": 2, "hidden_dims_h_net": 56, "af_h_net": "tanh", "drop_p_h_net": 0.19688890061434222}