{
    "black_box_symb_quant": "\\sum_{j}(-0.4*sin(x_i - x_j)) + log(sin(2.49*x_i) + 7.04)",
    "black_box_symb": "\\sum_{j}( -0.39610633*sin(x_i - x_j)) + log(sin(2.48844633032179*x_i) + 7.036491)",
    "black_box_symb_test_MAE": 0.07568716009457906,
    "black_box_symb_test_Var": 1.4934324637443868e-07,
    "black_box_symb_test_Std": 0.00038644953923434644,
    "black_box_exec_time": 747.0590018033981,
    "spline_wise_symb_quant": "\\sum_{j}(0.01 - 0.43*sin(-0.01*x_i**3 + 0.12*x_i**2 + 0.53*x_i + 5.72*sin(0.17*x_j + 2.53) - 2.83)) + 0.01*x_i + 0.03*(cos(1.22*x_i + 0.38) + 0.66)**3 - 0.07*(cos(1.22*x_i + 0.38) + 0.66)**2 + 0.14*cos(1.22*x_i + 0.38) + 2.15",
    "spline_wise_symb": "\\sum_{j}( 0.00746680636771902 - 0.431250757535339*sin(-0.0111160745943277*x_i**3 + 0.120957292648907*x_i**2 + 0.534992582240926*x_i + 5.72173431504498*sin(0.172867827319286*x_j + 2.52569172724841) - 2.82561431751342)) + 0.00617898026788498*x_i + 0.0290363142383184*(cos(1.22372423789129*x_i + 0.382337212326118) + 0.663412959912922)**3 - 0.0745163961477731*(cos(1.22372423789129*x_i + 0.382337212326118) + 0.663412959912922)**2 + 0.144543726223925*cos(1.22372423789129*x_i + 0.382337212326118) + 2.14706239994228",
    "spline_wise_symb_test_MAE": 0.09276750187079112,
    "spline_wise_symb_test_Var": 2.685808003493544e-06,
    "spline_wise_symb_test_Std": 0.00163884349572909,
    "spline_wise_exec_time": 11.342791557312012,
    "Number of params": 485,
    "model_test_MAE": 0.15763703485329947,
    "model_test_Var": 0.0005103655496785128,
    "model_test_Std": 0.022591271537443676
}