{
    "black_box_symb_quant": "\\sum_{j}(-0.4*sin(x_i - x_j)) + log(sin(2.49*x_i) + 7.04)",
    "black_box_symb": "\\sum_{j}( -0.39610633*sin(x_i - x_j)) + log(sin(2.48844633032179*x_i) + 7.036491)",
    "black_box_symb_test_MAE": 0.07568716009457906,
    "black_box_symb_test_Var": 1.4934324637443868e-07,
    "black_box_symb_test_Std": 0.00038644953923434644,
    "black_box_exec_time": 634.052179813385,
    "spline_wise_symb_quant": "\\sum_{j}(-0.43*sin(0.89*x_i - 0.95*x_j + 0.34)) + 0.21*cos(1.22*x_i + 0.38) + 2.08",
    "spline_wise_symb": "\\sum_{j}( -0.431250757535339*sin(0.891796831206401*x_i - 0.953444768670871*x_j + 0.343272661100555)) + 0.205899278080036*cos(1.22372423789129*x_i + 0.382337212326118) + 2.08424879041634",
    "spline_wise_symb_test_MAE": 0.0850455438097318,
    "spline_wise_symb_test_Var": 7.314381302130851e-06,
    "spline_wise_symb_test_Std": 0.0027045112871147076,
    "spline_wise_exec_time": 15.710287928581238,
    "Number of params": 485,
    "model_test_MAE": 0.15763703485329947,
    "model_test_Var": 0.0005103655496785128,
    "model_test_Std": 0.022591271537443676
}