{
    "spline_wise_symb_quant": "\\sum_{j}(0.43*cos(-3.57*sin(0.27*x_i - 1.0) + 5.64*cos(0.18*x_j - 2.2) + 4.53) + 0.01) - 0.25*(0.13 - sin(2.53*x_i + 0.1))**3 - 0.04*(0.45*cos(0.41*x_i - 3.15) + 1)**2 - 0.06*(0.01*Abs(4.43*x_i - 1.35) - 1)**2 + 2.1",
    "spline_wise_symb": "\\sum_{j}( 0.431248366832733*cos(-3.57137426458053*sin(0.273999929428101*x_i - 1.00089991092682) + 5.63605679588591*cos(0.175679922103882*x_j - 2.20040011405945) + 4.53479285034291) - 3.33786374540068e-6*tan(5.0*(0.00315550435334444 - 0.00365910590827752*exp(-0.145079970359802*x_j))*(0.00362534634768963*sin(0.125999987125397*x_i + 2.70029997825623) - 0.00144820241257548) - 4.69999980926514) + 0.00720259596710093) - 0.249125972400922*(0.127208098781701 - sin(2.5259997844696*x_i + 0.100019924342632))**3 - 0.037155814179253*(0.448514132462216*cos(0.408239930868149*x_i - 3.14596009254456) + 1)**2 - 0.0634513321281027*(0.0144095681345154*Abs(4.42827987670898*x_i - 1.35212004184723) - 1)**2 + 0.00280769276707184*exp(0.0352070046487261*tanh(0.477999925613403*x_i - 2.60001993179321)) + 2.31530157179805e-6*tan(0.00505298218302805*exp(0.030399926006794*x_i) + 4.71495933898647) + 2.09523835708387",
    "spline_wise_symb_test_MAE": 0.079257699350516,
    "spline_wise_symb_test_Var": 8.493615363407919e-05,
    "spline_wise_symb_test_Std": 0.009216081251490744,
    "spline_wise_exec_time": 35.26398169994354,
    "Number of params": 485,
    "model_test_MAE": 0.15763703485329947,
    "model_test_Var": 0.0005103655496785128,
    "model_test_Std": 0.022591271537443676
}