{"lr": 0.004360350039846077, "lamb": 0.0, "batch_size": 16, "n_hidden_layers_g_net": 2, "hidden_dims_g_net": 56, "af_g_net": "relu", "drop_p_g_net": 0.010304889977975455, "n_hidden_layers_h_net": 1, "hidden_dims_h_net": 24, "af_h_net": "relu", "drop_p_h_net": 0.01361813666537171}