{
    "black_box_symb_quant": "\\sum_{j}(0.2*x_j**3) - 0.5*x_i",
    "black_box_symb": "\\sum_{j}( 0.200329709478231*x_j**3) - 0.49947724*x_i",
    "black_box_symb_test_MAE": 0.00012729887142389393,
    "black_box_symb_test_Var": 1.3614101926894765e-10,
    "black_box_symb_test_Std": 1.1667948374455024e-05,
    "black_box_exec_time": 18.679986238479614,
    "spline_wise_symb_quant": "\\sum_{j}(-0.02*x_i**2 - 0.04*x_i - 0.03*exp(1.01*x_i) - 0.01*sin(2.35*x_j - 0.33) - 0.01*sin(3.06*x_j - 0.62) + 0.06*tan(1.03*x_j + 0.16) + 0.02*tan(1.22*x_j + 0.08) + 0.15*tanh(0.8*x_i - 0.79) + 0.1) - 0.05*x_i - 0.81*exp(0.19*x_i) - 0.2*exp(0.55*x_i) - 0.07*tan(0.81*x_i + 0.23) - 0.15*tanh(0.75*x_i + 0.22) + 1.06",
    "spline_wise_symb": "\\sum_{j}( -0.0153040423250979*x_i**2 - 0.0362986335561323*x_i - 0.0295904481326254*exp(1.00572624178212*x_i) - 0.00869485983031137*sin(2.3461885039838*x_j - 0.33473327736503) - 0.0133913630691546*sin(3.05714595796881*x_j - 0.615217201817655) + 0.061148720538252*tan(1.02517971800537*x_j + 0.161334655922691) + 0.0194907461902193*tan(1.2212602666952*x_j + 0.0845864163386372) + 0.145725296477459*tanh(0.79760511030467*x_i - 0.787034819541884) + 0.103566026184014) - 0.0528886782657581*x_i - 0.809222234394084*exp(0.190879942525045*x_i) - 0.200259523773615*exp(0.548025316434419*x_i) - 0.0688951466656101*tan(0.814809419653958*x_i + 0.23094256139376) - 0.154295751098098*tanh(0.745608675226572*x_i + 0.223197341106824) + 1.0608909991925",
    "spline_wise_symb_test_MAE": 0.013361897940436998,
    "spline_wise_symb_test_Var": 2.211689633694899e-06,
    "spline_wise_symb_test_Std": 0.00148717505146331,
    "spline_wise_exec_time": 26.133331537246704,
    "Number of params": 516,
    "model_test_MAE": 0.00040224265345993143,
    "model_test_Var": 6.4747059720440794e-09,
    "model_test_Std": 8.046555767559235e-05
}