{
    "black_box_symb_quant": "\\sum_{j}(0.2*x_j**3) - 0.5*x_i",
    "black_box_symb": "\\sum_{j}( 0.196222894035067*x_j**3) - 0.49738008*x_i",
    "black_box_symb_test_MAE": 0.0007106247746075193,
    "black_box_symb_test_Var": 4.7708708322286296e-09,
    "black_box_symb_test_Std": 6.907149073408384e-05,
    "black_box_exec_time": 28.61474061012268,
    "Number of params": 7980,
    "model_test_MAE": 0.0011195002007298172,
    "model_test_Var": 3.636792776238061e-08,
    "model_test_Std": 0.00019070376965959695
}