,complexity,loss,score,sympy_format
2,5,1.292138e-06,4.735348944212461,0.74737835 - 0.49707386*x0
1,4,0.00014717865,1.4523019576185299,exp(-x0 - 0.21963699)
3,7,9.600445e-07,0.14853692611496322,0.74801725 - tanh(tan(x0*0.498773))
0,1,0.011482197,0.0,0.462652530000000
