,complexity,loss,score,sympy_format
3,5,3.0730407e-06,6.845894256231815,x0*x1/(-2.0804462)
1,3,0.0030454632,0.15642574033397758,x1/(-5.0362954)
4,7,2.5339928e-06,0.09643564345493062,(x0*x1 - 1*0.0027638157)/(-2.0606306)
2,4,0.0028886998,0.0528465031227447,tanh(x1)*(-0.22883846)
0,1,0.004164118,0.0,-0.0973167340000000
