{
    "black_box_symb_quant": "\\sum_{j}(x_j - sin(x_j)) - 0.47*x_i",
    "black_box_symb": "\\sum_{j}( x_j - sin(x_j)) - 0.47065222*x_i",
    "black_box_symb_test_MAE": 0.007439130917191505,
    "black_box_symb_test_Var": 4.7029871966123085e-07,
    "black_box_symb_test_Std": 0.0006857832891382167,
    "black_box_exec_time": 29.941107869148254,
    "Number of params": 3698,
    "model_test_MAE": 0.010321896523237228,
    "model_test_Var": 1.2148608552284973e-06,
    "model_test_Std": 0.001102207265095135
}