{"lr": 0.005757434968849747, "lamb": 0.0, "batch_size": 32, "n_hidden_layers_g_net": 2, "hidden_dims_g_net": 56, "af_g_net": "tanh", "drop_p_g_net": 0.015960959770983066, "n_hidden_layers_h_net": 2, "hidden_dims_h_net": 40, "af_h_net": "tanh", "drop_p_h_net": 0.0035232288855177275}