{"lr": 0.006370379272935864, "lamb": 0.0, "batch_size": 16, "n_hidden_layers_g_net": 2, "hidden_dims_g_net": 64, "af_g_net": "relu", "drop_p_g_net": 0.008259110286059277, "n_hidden_layers_h_net": 1, "hidden_dims_h_net": 16, "af_h_net": "softplus", "drop_p_h_net": 0.004562110581076508}