,complexity,loss,score,sympy_format
4,6,4.4668588e-05,6.961196724177668,sin(-x0 + x1)*0.498892
3,5,0.04712068,0.8049805493185878,tanh(sin(-x0 + x1))
2,4,0.10539261,0.017142618447646196,sin(x0)*(-0.07844191)
1,3,0.10721489,0.0049325504775170545,-0.053766087/x0
0,1,0.10827781,0.0,-0.00184692440000000
