,complexity,loss,score,sympy_format
3,7,2.2677097e-05,0.34831138154668595,x0**6*1.3899705e-7 + 1.9981152
2,6,3.2126038e-05,0.18002208652721188,x0**3*4.0688523e-5 + 1.9968219
1,5,3.84627e-05,0.0702313181181202,x0*0.001915802 + 1.993488
0,1,5.0938255e-05,0.0,2.00165900000000
