,complexity,loss,score,sympy_format
3,5,8.8082444e-08,10.45247742878879,x1*x0*(-0.49982542)
1,3,0.0032182003,0.15664038137366537,x0*(-0.20684981)
2,4,0.0030503005,0.0535821799064653,tanh(x0)*(-0.23877655)
4,7,7.9178484e-08,0.05328432214305015,tanh(tan(x1*(-0.49992245)*x0))
0,1,0.004402194,0.0,-0.102858890000000
