,complexity,loss,score,sympy_format
2,5,3.358338e-07,5.030332989258375,0.99944973 - 0.49910584*x0
1,4,5.137718e-05,1.8070724120277104,log(2.6247967 - x0)
3,7,1.6487321e-07,0.3557198202305055,1.0000821 - tanh(tan(x0*0.5008045))
0,1,0.011619167,0.0,0.713739750000000
