{
    "black_box_symb_quant": "\\sum_{j}(-0.5*x_i*x_j) + exp(-0.54*x_i)",
    "black_box_symb": "\\sum_{j}( -0.498295*x_i*x_j) + exp(-0.5416528*x_i)",
    "black_box_symb_test_MAE": 0.005626577418297529,
    "black_box_symb_test_Var": 4.833412491703215e-07,
    "black_box_symb_test_Std": 0.0006952274801605023,
    "black_box_exec_time": 15.389352202415466,
    "Number of params": 5538,
    "model_test_MAE": 0.007018518944581349,
    "model_test_Var": 9.900987065077624e-07,
    "model_test_Std": 0.0009950370377567674
}