{"lr": 0.003735750370034558, "lamb": 0.0, "batch_size": 32, "n_hidden_layers_g_net": 2, "hidden_dims_g_net": 56, "af_g_net": "relu", "drop_p_g_net": 0.0003285639125803077, "n_hidden_layers_h_net": 1, "hidden_dims_h_net": 24, "af_h_net": "tanh", "drop_p_h_net": 0.0285336354014112}