{
    "black_box_symb_quant": "\\sum_{j}(0.91 - tanh(3.15*x_i)) + 0.23*x_i + 0.5",
    "black_box_symb": "\\sum_{j}( 0.91226137 - tanh(3.152525*x_i)) + 0.23095237*x_i + 0.4986839",
    "black_box_symb_test_MAE": 0.12550624211629233,
    "black_box_symb_test_Var": 0.0007457005917466613,
    "black_box_symb_test_Std": 0.027307518959924962,
    "black_box_exec_time": 37.27067506313324,
    "Number of params": 1620,
    "model_test_MAE": 0.1308130919933319,
    "model_test_Var": 0.0008354974171621935,
    "model_test_Std": 0.028904972187535374
}