{
    "black_box_symb_quant": "\\sum_{j}(-0.18*log(x_i)) - 0.14",
    "black_box_symb": "\\sum_{j}( -0.1845153*log(x_i)) - 0.0028658963*log(x_i) - 0.13537094",
    "black_box_symb_test_MAE": 0.02964875102043152,
    "black_box_symb_test_Var": 6.506271081010521e-06,
    "black_box_symb_test_Std": 0.002550739320473678,
    "black_box_exec_time": 10.67420482635498,
    "spline_wise_symb_quant": "\\sum_{j}(0.34*tanh(0.55*x_j + 0.54*cos(2.73*x_i + 0.1) - 0.99) + 0.29) - 0.13",
    "spline_wise_symb": "\\sum_{j}( 0.341754769671159*tanh(0.546835191105715*x_j + 0.537502724197173*cos(2.72583790472627*x_i + 0.103281662830961) - 0.990020927662412) + 0.291686816590189) - 0.134349556267261",
    "spline_wise_symb_test_MAE": 0.03286432847380638,
    "spline_wise_symb_test_Var": 1.4990875209323444e-06,
    "spline_wise_symb_test_Std": 0.0012243722967024142,
    "spline_wise_exec_time": 17.8652822971344,
    "Number of params": 352,
    "model_test_MAE": 0.0261530801653862,
    "model_test_Var": 1.459289080037405e-05,
    "model_test_Std": 0.003820064240346496
}