{
    "spline_wise_symb_quant": "\\sum_{j}(-0.140420343965845*(1 - 0.257703081232493*x_j)**0.35 + 0.19*(-log(1.98*x_j + 3.26) - 0.42*sin(2.73*x_i + 1.67) + 0.75)**2 + 0.06*cos(1.01*sin(3.0*x_j - 2.42) + 0.9*cos(3.52*x_i - 3.6) + 1.18) + 0.27 - 0.170715501501366*exp(-0.0546*x_j)) - 0.01*(0.16*cos(4.27*x_i - 3.34) - 1)**3 - 0.14",
    "spline_wise_symb": "\\sum_{j}( 0.192991256881478*(-log(1.98160004615784*x_j + 3.26347994804382) - 0.424200640994995*sin(2.73040008544922*x_i + 1.6703999042511) + 0.750733147918718)**2 - 0.171779362364785*exp(1.12199997901917*(0.235763260222928*x_j - 0.0155140206973439)*(-0.0037720989442015*exp(3.93635988235474*x_i) - 0.20754212141037)) - 0.135204948068928*exp(1.49303996562958*(0.00103582938343864*exp(4.99774026870728*x_i) + 0.187516272068024)*(1.25347173213959*log(3.57143998146057 - 0.923199951648712*x_j) - 1.57946300506592)) + 0.0590256862342358*cos(1.00706261373709*sin(3.00235986709595*x_j - 2.41791987419128) + 0.897518875232102*cos(3.51571989059448*x_i - 3.603679895401) + 1.17524692554043) + 0.270971772260964) - 0.00611627968232645*(0.157960671827979*cos(4.26719999313354*x_i - 3.34320020675659) - 1)**3 - 0.138427788535409",
    "spline_wise_symb_test_MAE": 0.025621908406416576,
    "spline_wise_symb_test_Var": 1.4124187541767229e-05,
    "spline_wise_symb_test_Std": 0.00375821600520343,
    "spline_wise_exec_time": 40.15418219566345,
    "Number of params": 352,
    "model_test_MAE": 0.0261530801653862,
    "model_test_Var": 1.459289080037405e-05,
    "model_test_Std": 0.003820064240346496
}