,complexity,loss,score,sympy_format
5,7,1.3273203e-05,3.8899210144198517,x1*(0.49533725 - 0.49489158*x0)
3,5,0.0008699351,0.998731365544495,x1/exp(exp(x0))
2,4,0.0023617307,0.5871348682196093,-0.21896002*log(x0)
4,6,0.00064915285,0.29275040601168806,log(x1/exp(3*x0) + 1)
1,3,0.0042483453,0.06021144292034215,x1*0.130831
