,complexity,loss,score,sympy_format
5,7,2.675117e-05,3.437277727438018,x1*(0.48866725 + x0*(-0.48676988))
3,5,0.0011318846,1.0628322318787575,x1/exp(exp(x0))
2,4,0.003276305,0.6087949927999913,-0.18596849*log(x0)
4,6,0.00083201955,0.30778337196234457,log(x1/exp(3*x0) + 1)
1,3,0.006022553,0.06985033540033753,x1*0.14722055
