,complexity,loss,score,sympy_format
4,6,5.884614e-07,4.209860884078407,(tanh(x0) - 0.093653046)*(-0.69413024)
5,7,4.1721883e-08,2.6464855707226587,sin(sin(x0 - 0.085825644))*(-0.6506927)
1,3,0.000101930396,2.173378653117803,x0*(-0.49751955)
3,5,3.963121e-05,0.5489397006335486,0.12980883 - tanh(log(x0 + 1))
2,4,6.861812e-05,0.3957335483971876,tanh(x0*(-0.52260333))
