,complexity,loss,score,sympy_format
4,6,9.707005e-07,4.166323971078887,(0.093019746 - tanh(x0))*0.6931848
5,7,4.556391e-08,3.058902020018148,sin(sin(0.08597 - x0))*0.6506338
1,3,0.00013513117,2.2816450735370832,x0*(-0.49180108)
3,5,6.258882e-05,0.6081212962028868,0.11562015 - log(tanh(x0) + 1)
2,4,0.000114974224,0.16153797223164176,sin(x0*(-0.5049438))
