,complexity,loss,score,sympy_format
4,6,1.7734936e-05,7.879416906735052,0.5059733*sin(-x0 + x1)
3,5,0.046861578,0.8347257835281228,tanh(sin(-x0 + x1))
2,4,0.10797761,0.01676641923601945,sin(x0)*(-0.07505133)
1,3,0.10980327,0.0037400998785882037,-0.045577634/x0
0,1,0.1106277,0.0,-4.47481870000000e-5
