,complexity,loss,score,sympy_format
1,5,1.2625276e-06,0.1331171857961461,2.002271 + x0*(-0.0005101431)
2,7,1.2625244e-06,1.2673006337680331e-06,x0*(-0.0005101431 + 2.002271/x0)
0,1,2.1502508e-06,0.0,2.00009660000000
