,complexity,loss,score,sympy_format
2,6,5.614609e-06,0.42079848477665144,sin(x0)*0.0025323885 + 2.0002553
1,5,8.552045e-06,0.004538166124006771,x0*0.00021424865 + 1.9990773
3,7,5.610022e-06,0.0008173097637403208,log(sin(x0)*0.0025323885 + 1) + 2.0002553
0,1,8.708705e-06,0.0,1.99998500000000
