,complexity,loss,score,sympy_format
4,6,4.3387492e-05,6.982302290520697,sin(-x0 + x1)*0.500559
3,5,0.04674551,0.8244279655919865,tanh(sin(-x0 + x1))
2,4,0.10660668,0.016046510293118817,sin(x0)*(-0.081181765)
1,3,0.108331144,0.005562377937359444,0.058318406/x1
0,1,0.10954303,0.0,0.0103678600000000
