{
    "spline_wise_symb_quant": "\\sum_{j}(-0.140420343965845*(1 - 0.257703081232493*x_j)**0.35 + 0.19*(-log(1.98*x_j + 3.26) - 0.42*sin(2.73*x_i + 1.67) + 0.75)**2 + 0.06*cos(1.01*sin(3.0*x_j - 2.42) + 1.05*tanh(3.12*x_i - 1.82) + 1.19) + 0.27 - 0.163857711274658*exp(-0.046*tan(1.11*x_j + 2.31))) - 0.13",
    "spline_wise_symb": "\\sum_{j}( 0.192991256881478*(-log(1.98160004615784*x_j + 3.26347994804382) - 0.424200640994995*sin(2.73040008544922*x_i + 1.6703999042511) + 0.750733147918718)**2 - 0.171779362364785*exp(1.12199997901917*(-0.0037720989442015*exp(3.93635988235474*x_i) - 0.20754212141037)*(0.201910689473152*tan(1.11483991146088*x_j + 2.30899977684021) + 0.161168813705444)) - 0.135204948068928*exp(1.49303996562958*(0.00103582938343864*exp(4.99774026870728*x_i) + 0.187516272068024)*(1.25347173213959*log(3.57143998146057 - 0.923199951648712*x_j) - 1.57946300506592)) + 0.0590256862342358*cos(1.00706261373709*sin(3.00235986709595*x_j - 2.41791987419128) + 1.05007446339215*tanh(3.12152004241943*x_i - 1.82488000392914) + 1.19022862556051) + 0.270971772260964) - 0.134349556267261",
    "spline_wise_symb_test_MAE": 0.025522695233424503,
    "spline_wise_symb_test_Var": 1.393366820601745e-05,
    "spline_wise_symb_test_Std": 0.003732782903681575,
    "spline_wise_exec_time": 28.997017860412598
}