{
    "black_box_symb_quant": "\\sum_{j}(0.18*x_j**3) - 0.46*x_i",
    "black_box_symb": "\\sum_{j}( 0.17879625*x_j**3) - 0.460074*x_i",
    "black_box_symb_test_MAE": 0.006857664013902347,
    "black_box_symb_test_Var": 1.6290488923146774e-08,
    "black_box_symb_test_Std": 0.00012763419966116751,
    "black_box_exec_time": 139.1889672279358,
    "spline_wise_symb_quant": "\\sum_{j}(0.08*x_j**3 + 0.01*x_j + (-0.01*sin(4.07*x_i + 0.04) - 0.07)*(-0.31*x_j**3 - 0.1*x_j**2 - 0.25*x_j - 0.06) - 0.01*sin(4.61*x_j - 0.08) - 0.06*cos(1.07*x_i + 0.79) + 0.17) + 1.41*exp(0.2*cos(1.99*x_i + 1.42)) - 1.45",
    "spline_wise_symb": "\\sum_{j}( 0.0806106053867215*x_j**3 + 0.00289382720507916*x_j**2 + 0.00927067500696571*x_j + 0.348147710518282*(-0.02807542700894*sin(4.06805077183289*x_i + 0.0439672849322289) - 0.196712643159557)*(-0.311339537625096*x_j**3 - 0.100367961096619*x_j**2 - 0.246544908306646*x_j - 0.055257745037168) - 0.00588527809395414*sin(4.61443195963798*x_j - 0.0788596064760574) - 0.0644023616056094*cos(1.06935803349345*x_i + 0.793913007989866) - 9.57308272176592e-5*tan(0.000788026151760885*x_i + 1.5687916185972) - 0.000416142024763221*tan(0.00189900357401571*x_i + 1.56587282526706) + 0.00388437272158411*tan(1.45588216195865*x_j - 0.00244246750045519) + 0.172651790201918) + 1.41439100215169*exp(0.196544640494447*cos(1.99166555486277*x_i + 1.4203072442749)) - 1.45499755129772",
    "spline_wise_symb_test_MAE": 0.008929449133574963,
    "spline_wise_symb_test_Var": 6.235402305598825e-09,
    "spline_wise_symb_test_Std": 7.896456360671428e-05,
    "spline_wise_exec_time": 21.312862157821655,
    "Number of params": 400,
    "model_test_MAE": 0.009086327627301216,
    "model_test_Var": 4.7206727715106794e-07,
    "model_test_Std": 0.0006870715225877638
}