{
    "black_box_symb_quant": "\\sum_{j}(0.2*x_j**3) - 0.5*x_i",
    "black_box_symb": "\\sum_{j}( 0.196228177580873*x_j**3) - 0.49737945*x_i",
    "black_box_symb_test_MAE": 0.0007106232224032283,
    "black_box_symb_test_Var": 4.776991871190479e-09,
    "black_box_symb_test_Std": 6.911578597679751e-05,
    "black_box_exec_time": 30.94622242450714,
    "Number of params": 7980,
    "model_test_MAE": 0.0011213955003768206,
    "model_test_Var": 3.652764800198507e-08,
    "model_test_Std": 0.00019112207617641942
}