{
    "black_box_symb_quant": "\\sum_{j}(-0.5*sin(x_i - x_j)) + 2.0",
    "black_box_symb": "\\sum_{j}( -0.4997563*sin(x_i - x_j)) - 0.0026425526*sin(x_i)**2 + 2.0012763",
    "black_box_symb_test_MAE": 0.0003103772275305043,
    "black_box_symb_test_Var": 1.0822150048683463e-10,
    "black_box_symb_test_Std": 1.040295633398673e-05,
    "black_box_exec_time": 38.24720644950867,
    "spline_wise_symb_quant": "\\sum_{j}(0.5*cos(1.0*x_i - 1.0*x_j + 1.57)) + 2.0",
    "spline_wise_symb": "\\sum_{j}( 0.499779161252369*cos(1.00058142350683*x_i - 1.00154193400183*x_j + 1.5703513084265)) + 1.9989619256997",
    "spline_wise_symb_test_MAE": 0.0022030010974655547,
    "spline_wise_symb_test_Var": 2.0978495420216526e-08,
    "spline_wise_symb_test_Std": 0.00014483955060761727,
    "spline_wise_exec_time": 7.539729952812195,
    "Number of params": 221,
    "model_test_MAE": 0.001870445868310829,
    "model_test_Var": 9.885763786732787e-08,
    "model_test_Std": 0.0003144163447839948
}