,complexity,loss,score,sympy_format
2,4,0.0002076633,3.1718974192997362,x0**2*(-0.48766035)
3,5,1.7753206e-05,2.4593518987799627,sin(x0**2*(-0.51389253))
1,3,0.0049533304,0.8648688719514988,x0*(-0.39530796)
4,7,1.0199357e-05,0.27712072012123645,sin((0.016493117 - x0)**2*(-0.53519297))
0,1,0.027932696,0.0,-0.200188250000000
