{
    "spline_wise_symb_quant": "\\sum_{j}(0.26*tan((0.13 - 1.01*sin(1.59*x_j + 2.73))*(-0.7*sin(1.5*x_i - 0.38) - 0.14) + 3.2) - 0.07*tan(-0.07*sin(1.76*x_j - 3.93) + 0.19*tan(0.69*x_i + 2.41) + 4.46) + 0.14) - 0.51*x_i + 1.01",
    "spline_wise_symb": "\\sum_{j}( 0.25960236787796*tan(1.19795989990234*(0.105000287294388 - 0.844121754169464*sin(1.59051990509033*x_j + 2.72812008857727))*(-0.697407245635986*sin(1.49624001979828*x_i - 0.378639936447144) - 0.140306696295738) + 3.19804000854492) - 0.0748380944132805*tan(-0.073660741359622*sin(1.76399993896484*x_j - 3.93276000022888) + 0.185404563615803*tan(0.694479942321777*x_i + 2.40635991096497) + 4.4605099874216) + 0.137363597750664) - 0.50783544772763*x_i + 1.00514582297978",
    "spline_wise_symb_test_MAE": 0.0017636449774727225,
    "spline_wise_symb_test_Var": 1.0041795717905035e-08,
    "spline_wise_symb_test_Std": 0.00010020876068440841,
    "spline_wise_exec_time": 21.01438319683075,
    "Number of params": 287,
    "model_test_MAE": 0.0009019768719250957,
    "model_test_Var": 1.1058958327873277e-08,
    "model_test_Std": 0.00010516158199586614
}