{
    "black_box_symb_quant": "\\sum_{j}(x_j*log(1.69 - log(x_i + 1))) - 0.64*log(x_i + 1)",
    "black_box_symb": "\\sum_{j}( x_j*log(1.68859136 - log(x_i + 1))) - 0.63656974*log(x_i + 1)",
    "black_box_symb_test_MAE": 0.002118287879663209,
    "black_box_symb_test_Var": 4.2455377868438757e-08,
    "black_box_symb_test_Std": 0.00020604702829315146,
    "black_box_exec_time": 30.80121350288391,
    "spline_wise_symb_quant": "\\sum_{j}(-0.57*x_j*(0.81*x_i - 0.82)) - 0.39*x_i - 0.06",
    "spline_wise_symb": "\\sum_{j}( -0.574833152914888*x_j*(0.811128819156638*x_i - 0.823271420824511)) - 0.392736550044677*x_i - 0.060159303262292",
    "spline_wise_symb_test_MAE": 0.008601924559722344,
    "spline_wise_symb_test_Var": 1.0996418033949759e-06,
    "spline_wise_symb_test_Std": 0.001048638070735073,
    "spline_wise_exec_time": 23.345211029052734,
    "Number of params": 450,
    "model_test_MAE": 0.0020562036661431193,
    "model_test_Var": 8.05423553676876e-08,
    "model_test_Std": 0.0002837998508944069
}