{
    "black_box_symb_quant": "\\sum_{j}(x_j*(0.49 - 0.5*x_i)) - 0.48*x_i",
    "black_box_symb": "\\sum_{j}( x_j*(0.493475 - 0.49526352*x_i)) - 0.4830658*x_i",
    "black_box_symb_test_MAE": 0.0012287019829576213,
    "black_box_symb_test_Var": 6.351096783308699e-09,
    "black_box_symb_test_Std": 7.969376878595151e-05,
    "black_box_exec_time": 24.262614488601685,
    "Number of params": 1874,
    "model_test_MAE": 0.0016968537432452042,
    "model_test_Var": 9.960029821211603e-08,
    "model_test_Std": 0.00031559514922146066
}