,complexity,loss,score,sympy_format
4,6,6.169948e-05,2.0719380329679544,-x0/0.8968185 + log(x0 + 1)
1,3,0.0024062148,1.2523381003473408,x0*(-0.40266848)
2,4,0.00069100515,1.2476628926510556,log(1 + x0*(-0.33180526))
3,5,0.000489906,0.34393374073965316,x0*(-0.52219653) - 1*(-0.095941566)
0,1,0.029451095,0.0,-0.235948900000000
