,complexity,loss,score,sympy_format
2,4,0.00015850896,3.7587855014681293,0.194871524950503*x1**2
1,3,0.0067994474,0.681470463161981,x1*0.23332337
3,6,0.0001565412,0.006245943784197223,(x1**2 - 0.009653523)*0.19600804
0,1,0.026569987,0.0,0.145232900000000
