{
    "black_box_symb_quant": "\\sum_{j}(-0.49*x_i*x_j) - sin(0.55*x_i) + 1.04",
    "black_box_symb": "\\sum_{j}( -0.49394545*x_i*x_j) - sin(0.5455413*x_i) + 1.0355027",
    "black_box_symb_test_MAE": 0.005417843349277973,
    "black_box_symb_test_Var": 3.876484235606353e-09,
    "black_box_symb_test_Std": 6.226141851585421e-05,
    "black_box_exec_time": 15.556658148765564,
    "spline_wise_symb_quant": "\\sum_{j}(-0.2*x_i - 0.2) - 0.52*x_i + 1.03",
    "spline_wise_symb": "\\sum_{j}( -0.204763253322672*x_i - 0.196882520808291) - 0.518766450503815*x_i + 1.02723969598382",
    "spline_wise_symb_test_MAE": 0.2893899977207184,
    "spline_wise_symb_test_Var": 0.0002633581652720096,
    "spline_wise_symb_test_Std": 0.016228313691570347,
    "spline_wise_exec_time": 8.859661102294922,
    "Number of params": 88,
    "model_test_MAE": 0.007494914500663678,
    "model_test_Var": 1.6741281413871372e-06,
    "model_test_Std": 0.0012938810383443823
}