{
    "spline_wise_symb_quant": "\\sum_{j}(0.04 - 0.12*tan(0.61*tanh(2.0*x_i - 0.23) + 1.64*tanh(1.43*x_j + 0.54) + 2.31)) + 1.9*cos(1.28*cos(0.32*x_i + 4.11) + 2.83) + 2.0",
    "spline_wise_symb": "\\sum_{j}( 0.0350995510816574 - 0.116463504731655*tan(0.609663174641195*tanh(2.00027990341187*x_i - 0.229999929666519) + 1.64179276720624*tanh(1.42931997776031*x_j + 0.540159940719604) + 2.3064841988845)) + 1.89580380916595*cos(1.28317528152422*cos(0.315639913082123*x_i + 4.10591983795166) + 2.8339631608726) + 1.99685144424438",
    "spline_wise_symb_test_MAE": 0.004684338501344125,
    "spline_wise_symb_test_Var": 3.766050109613655e-07,
    "spline_wise_symb_test_Std": 0.0006136815224213333,
    "spline_wise_exec_time": 10.32432508468628,
    "Number of params": 88,
    "model_test_MAE": 0.007494914500663678,
    "model_test_Var": 1.6741281413871372e-06,
    "model_test_Std": 0.0012938810383443823
}