{
    "spline_wise_symb_quant": "\\sum_{j}(0.03 - 0.12*tan(0.65*tanh(1.93*x_i - 0.18) + 1.62*tanh(1.44*x_j + 0.53) + 8.58)) - 0.52*x_i + 1.03",
    "spline_wise_symb": "\\sum_{j}( 0.0342293530702591 - 0.116799399256706*tan(0.647465087260702*tanh(1.93423986434937*x_i - 0.179519861936569) + 1.62153222839481*tanh(1.43575978279114*x_j + 0.527759850025177) + 8.57579937388886)) - 0.518766450503815*x_i + 1.02723969598382",
    "spline_wise_symb_test_MAE": 0.0046593511166671915,
    "spline_wise_symb_test_Var": 3.5492602483441617e-07,
    "spline_wise_symb_test_Std": 0.0005957566825763822,
    "spline_wise_exec_time": 9.798012971878052,
    "Number of params": 88,
    "model_test_MAE": 0.007494914500663678,
    "model_test_Var": 1.6741281413871372e-06,
    "model_test_Std": 0.0012938810383443823
}