,complexity,loss,score,sympy_format
2,5,3.5946891e-06,2.561292093575172,0.99815416 - 0.49664786*x0
1,4,4.6560363e-05,1.834362886001605,log(2.6250492 - x0)
3,7,3.4689508e-06,0.017802660541968805,0.99876237 - tanh(tan(x0*0.4982853))
0,1,0.0114281885,0.0,0.714289370000000
