,complexity,loss,score,sympy_format
3,5,4.727732e-06,6.482490483672445,x0*x1/(-1.996283)
1,3,0.00326934,0.14936296323370288,x0*(-0.2073559)
2,4,0.00309003,0.05640733007499099,tanh(x0)*(-0.2393528)
4,7,4.681802e-06,0.004881258177707023,x0*x1*(-0.50229883) - 1*(-0.00039777986)
0,1,0.0044075283,0.0,-0.103280954000000
