{
    "black_box_symb_quant": "\\sum_{j}(-0.49*sin(x_i - x_j)) + 2.01",
    "black_box_symb": "\\sum_{j}( -0.48908105*sin(x_i - x_j)) - 3.87091e-5*x_i + 2.0120368",
    "black_box_symb_test_MAE": 0.008394848244885603,
    "black_box_symb_test_Var": 1.6367957808938026e-07,
    "black_box_symb_test_Std": 0.0004045733284453886,
    "black_box_exec_time": 39.73998665809631,
    "spline_wise_symb_quant": "\\sum_{j}(-0.49*sin(1.0*x_i - 1.01*x_j + 0.1)) + 2.01",
    "spline_wise_symb": "\\sum_{j}( 0.00144860346789311 - 0.486802400327466*sin(0.998858651007906*x_i - 1.01408730932334*x_j + 0.103638304390335)) + 2.01187250858545",
    "spline_wise_symb_test_MAE": 0.03307505821188291,
    "spline_wise_symb_test_Var": 3.892619010854011e-05,
    "spline_wise_symb_test_Std": 0.006239085678890787,
    "spline_wise_exec_time": 5.693833827972412,
    "Number of params": 138,
    "model_test_MAE": 0.03685015129546324,
    "model_test_Var": 7.464270905152173e-05,
    "model_test_Std": 0.00863960120905599
}