{"lr": 0.0041603097534594164, "lamb": 0.0, "batch_size": 32, "n_hidden_layers_g_net": 2, "hidden_dims_g_net": 32, "af_g_net": "relu", "drop_p_g_net": 0.05248365411852682, "n_hidden_layers_h_net": 2, "hidden_dims_h_net": 40, "af_h_net": "softplus", "drop_p_h_net": 0.034159022304115313}