{
    "black_box_symb_quant": "\\sum_{j}(-0.44*x_j*tanh(log(x_i))) - 0.49*x_i",
    "black_box_symb": "\\sum_{j}( -0.43593866*x_j*tanh(log(x_i))) - 0.49421*x_i",
    "black_box_symb_test_MAE": 0.004877511722346147,
    "black_box_symb_test_Var": 5.646959134813207e-07,
    "black_box_symb_test_Std": 0.0007514625163514949,
    "black_box_exec_time": 103.76882374286652,
    "Number of params": 5500,
    "model_test_MAE": 0.007675213118394216,
    "model_test_Var": 5.110142438145682e-07,
    "model_test_Std": 0.0007148526028591966
}