{
    "black_box_symb_quant": "\\sum_{j}(log(-x_j*(log(x_i + 1) - 0.69) + 1)) - 0.49*x_i",
    "black_box_symb": "\\sum_{j}( log(-x_j*(log(x_i + 1) - 0.6910903) + 1)) - 0.49420986*x_i",
    "black_box_symb_test_MAE": 0.007499258189151685,
    "black_box_symb_test_Var": 7.602420932287265e-07,
    "black_box_symb_test_Std": 0.0008719186276417808,
    "black_box_exec_time": 17.191550493240356,
    "Number of params": 5500,
    "model_test_MAE": 0.007682424193869035,
    "model_test_Var": 5.127114418397717e-07,
    "model_test_Std": 0.0007160387153218545
}