{
    "black_box_symb_quant": "\\sum_{j}(x_j*(0.5 - 0.5*x_i)) - 0.5*x_i",
    "black_box_symb": "\\sum_{j}( x_j*(0.496414113264731 - 0.495870391380583*x_i)) - 0.49904868*x_i",
    "black_box_symb_test_MAE": 0.0008190123092693588,
    "black_box_symb_test_Var": 3.3345339064883337e-09,
    "black_box_symb_test_Std": 5.7745423251443344e-05,
    "black_box_exec_time": 26.981180667877197,
    "Number of params": 5090,
    "model_test_MAE": 0.0007204274297691882,
    "model_test_Var": 1.2718073703107071e-08,
    "model_test_Std": 0.00011277443727683624
}