{
    "black_box_symb_quant": "\\sum_{j}(x_j*log(1.69 - log(x_i + 1))) - 0.5*x_i",
    "black_box_symb": "\\sum_{j}( x_j*log(1.6922072 - log(x_i + 1))) - 0.49904868*x_i",
    "black_box_symb_test_MAE": 0.0015690609579905868,
    "black_box_symb_test_Var": 6.607866226299186e-08,
    "black_box_symb_test_Std": 0.0002570577022051505,
    "black_box_exec_time": 34.71551060676575,
    "Number of params": 5090,
    "model_test_MAE": 0.0007212451115871469,
    "model_test_Var": 1.276419140150629e-08,
    "model_test_Std": 0.00011297872101199539
}