{"lr": 0.003224419859126663, "lamb": 0.0, "batch_size": 32, "n_hidden_layers_g_net": 2, "hidden_dims_g_net": 40, "af_g_net": "softplus", "drop_p_g_net": 0.01691806415163357, "n_hidden_layers_h_net": 2, "hidden_dims_h_net": 16, "af_h_net": "softplus", "drop_p_h_net": 0.0008028440217283673}