{
    "black_box_symb_quant": "\\sum_{j}(0.0200000000000000) - 10.64*sin(5.35*x_i)",
    "black_box_symb": "\\sum_{j}( 0.0010944795*x_i + 0.019151954) - 10.644334*sin(5.3478*x_i)",
    "black_box_symb_test_MAE": 1.0532341798146565,
    "black_box_symb_test_Var": 0.0005255708437851403,
    "black_box_symb_test_Std": 0.022925331923118155,
    "black_box_exec_time": 32.53384554386139,
    "spline_wise_symb_quant": "\\sum_{j}(0.0200000000000000) + 9.36*(0.7*tanh(2.77*x_i - 11.95) + 1)**3 - 25.81*(0.7*tanh(2.77*x_i - 11.95) + 1)**2 - 10.18*sin(2.41*tanh(2.7*x_i - 13.39) + 0.37) - 11.54*cos(0.09*x_i**3 - 1.23*x_i**2 + 5.59*x_i - 12.07) + 14.26*tanh(2.77*x_i - 11.95) + 15.54",
    "spline_wise_symb": "\\sum_{j}( 0.0238685274072924) + 9.3583659737056*(0.70106753583174*tanh(2.76608860834691*x_i - 11.9492794252384) + 1)**3 - 25.8075124617089*(0.70106753583174*tanh(2.76608860834691*x_i - 11.9492794252384) + 1)**2 - 10.1811114813722*sin(2.41086223359808*tanh(2.70362056576358*x_i - 13.3873080725764) + 0.37309692009302) - 11.5375156702677*cos(0.0890476468983394*x_i**3 - 1.23360156231597*x_i**2 + 5.58932849268175*x_i - 12.0724740925924) + 14.2649243710928*tanh(2.76608860834691*x_i - 11.9492794252384) + 15.5387472181714",
    "spline_wise_symb_test_MAE": 0.9784797032674154,
    "spline_wise_symb_test_Var": 0.012216513376911405,
    "spline_wise_symb_test_Std": 0.110528337438466,
    "spline_wise_exec_time": 7.074934482574463,
    "spline_wise_g_symb": "0.0238685274072924",
    "spline_wise_h_symb": "9.3583659737056*(0.70106753583174*tanh(2.76608860834691*x_i - 11.9492794252384) + 1)**3 - 25.8075124617089*(0.70106753583174*tanh(2.76608860834691*x_i - 11.9492794252384) + 1)**2 - 10.1811114813722*sin(2.41086223359808*tanh(2.70362056576358*x_i - 13.3873080725764) + 0.37309692009302) - 11.5375156702677*cos(0.0890476468983394*x_i**3 - 1.23360156231597*x_i**2 + 5.58932849268175*x_i - 12.0724740925924) + 14.2649243710928*tanh(2.76608860834691*x_i - 11.9492794252384) + 15.5387472181714",
    "Number of params": 309,
    "model_test_MAE": 1.0634313424428303,
    "model_test_Var": 0.001695284514921822,
    "model_test_Std": 0.041173832890827905
}