{
    "black_box_symb_quant": "\\sum_{j}(-0.5*x_i*x_j) - 0.5*x_i + 1.0",
    "black_box_symb": "\\sum_{j}( -0.49927357*x_i*x_j) - 0.49711287*x_i + 0.99778885",
    "black_box_symb_test_MAE": 0.0001884570374386385,
    "black_box_symb_test_Var": 2.8915142952583904e-12,
    "black_box_symb_test_Std": 1.700445322631219e-06,
    "black_box_exec_time": 114.8280017375946,
    "Number of params": 3780,
    "model_test_MAE": 0.00018182010777915517,
    "model_test_Var": 1.4177396538314576e-11,
    "model_test_Std": 3.7652883738585783e-06
}