{
    "black_box_symb_quant": "\\sum_{j}(-0.5*x_i*x_j) - 0.5*x_i + 1.0",
    "black_box_symb": "\\sum_{j}( -0.49927357*x_i*x_j) - 0.49711287*x_i + 0.99778885",
    "black_box_symb_test_MAE": 0.00018821355479303747,
    "black_box_symb_test_Var": 2.8311650095699957e-12,
    "black_box_symb_test_Std": 1.6826066116505058e-06,
    "black_box_exec_time": 97.01120185852051,
    "Number of params": 3780,
    "model_test_MAE": 0.0001815736274390171,
    "model_test_Var": 1.4143701089663872e-11,
    "model_test_Std": 3.760811227602879e-06
}