{
    "black_box_symb_quant": "\\sum_{j}(-0.5*x_i*x_j) - 0.5*x_i + 1.0",
    "black_box_symb": "\\sum_{j}( -0.49927354*x_i*x_j) - 0.49711287*x_i + 0.99778885",
    "black_box_symb_test_MAE": 0.0001882060799592485,
    "black_box_symb_test_Var": 2.894315196516309e-12,
    "black_box_symb_test_Std": 1.7012687020327826e-06,
    "black_box_exec_time": 14.53123414516449,
    "Number of params": 3780,
    "model_test_MAE": 0.0001815736274390171,
    "model_test_Var": 1.4143701089663872e-11,
    "model_test_Std": 3.760811227602879e-06
}