{
    "black_box_symb_quant": "\\sum_{j}(-0.5*sin(x_i - x_j)) + 2.0",
    "black_box_symb": "\\sum_{j}( -0.4998415*sin(x_i - x_j)) - 0.00010714975*sin(x_i) + 1.9992621",
    "black_box_symb_test_MAE": 0.0003666727667829643,
    "black_box_symb_test_Var": 8.721063817844396e-11,
    "black_box_symb_test_Std": 9.3386636184437e-06,
    "black_box_exec_time": 249.58709824085236,
    "spline_wise_symb_quant": "\\sum_{j}(-0.5*sin(-1.0*x_i + 1.0*x_j + 3.14)) + 2.0",
    "spline_wise_symb": "\\sum_{j}( -0.500540115782128*sin(-0.999202827410192*x_i + 0.999580368384034*x_j + 3.13738996724685)) + 1.99915620843268",
    "spline_wise_symb_test_MAE": 0.0016303888987749815,
    "spline_wise_symb_test_Var": 5.8871904905399295e-09,
    "spline_wise_symb_test_Std": 7.672802936697859e-05,
    "spline_wise_exec_time": 5.016940355300903,
    "Number of params": 543,
    "model_test_MAE": 0.0016122294279436271,
    "model_test_Var": 6.193546818525011e-07,
    "model_test_Std": 0.0007869909032844669
}