{
    "black_box_symb_quant": "\\sum_{j}(-0.5*sin(x_i - x_j)) + 2.0",
    "black_box_symb": "\\sum_{j}( -0.50057304*sin(x_i - x_j)) + 2.946283e-6*x_i**2 + 1.9992113",
    "black_box_symb_test_MAE": 0.0004813141325333466,
    "black_box_symb_test_Var": 6.036335688749866e-10,
    "black_box_symb_test_Std": 2.4568955388355172e-05,
    "black_box_exec_time": 39.179638385772705,
    "spline_wise_symb_quant": "\\sum_{j}(-0.5*sin(-1.0*x_i + 1.0*x_j + 3.14)) + 2.0",
    "spline_wise_symb": "\\sum_{j}( -0.500540115782128*sin(-0.999202827410192*x_i + 0.999580368384034*x_j + 3.13738996724685)) + 1.99915620843268",
    "spline_wise_symb_test_MAE": 0.0016303888987749815,
    "spline_wise_symb_test_Var": 5.8871904905399295e-09,
    "spline_wise_symb_test_Std": 7.672802936697859e-05,
    "spline_wise_exec_time": 4.986884832382202,
    "Number of params": 543,
    "model_test_MAE": 0.0016122294279436271,
    "model_test_Var": 6.193546818525011e-07,
    "model_test_Std": 0.0007869909032844669
}