{
    "spline_wise_symb_quant": "\\sum_{j}(-0.5*sin(-1.0*x_i + 1.0*x_j + 3.14)) + 2.0",
    "spline_wise_symb": "\\sum_{j}( -0.500540137290955*sin(-0.999690932577347*x_i + 1.00016665818201*x_j + 3.137460086882)) + 1.99933803081512",
    "spline_wise_symb_test_MAE": 0.0014301846968010068,
    "spline_wise_symb_test_Var": 5.719327686359225e-08,
    "spline_wise_symb_test_Std": 0.0002391511590262365,
    "spline_wise_exec_time": 9.174827098846436,
    "spline_wise_g_symb": "-0.500540137290955*sin(-0.999690932577347*x_i + 1.00016665818201*x_j + 3.137460086882)",
    "spline_wise_h_symb": "1.99933803081512",
    "Number of params": 543,
    "model_test_MAE": 0.0016122294279436271,
    "model_test_Var": 6.193546818525011e-07,
    "model_test_Std": 0.0007869909032844669
}