{"lr": 0.005803906018456799, "lamb": 0.0, "batch_size": 16, "n_hidden_layers_g_net": 2, "hidden_dims_g_net": 48, "af_g_net": "relu", "drop_p_g_net": 0.007134194837792822, "n_hidden_layers_h_net": 1, "hidden_dims_h_net": 8, "af_h_net": "relu", "drop_p_h_net": 0.00023825667266240828}