{"lr": 0.0031674515315224575, "lamb": 0.0, "batch_size": 64, "n_hidden_layers_g_net": 2, "hidden_dims_g_net": 64, "af_g_net": "relu", "drop_p_g_net": 0.014285597973838465, "n_hidden_layers_h_net": 1, "hidden_dims_h_net": 40, "af_h_net": "softplus", "drop_p_h_net": 0.0001952038874110204}