{
    "black_box_symb_quant": "\\sum_{j}(-0.5*x_i*x_j) + log(2.63 - x_i)",
    "black_box_symb": "\\sum_{j}( -0.4962014*x_i*x_j) + log(2.6315308 - x_i)",
    "black_box_symb_test_MAE": 0.002432720037177205,
    "black_box_symb_test_Var": 9.166409086449877e-09,
    "black_box_symb_test_Std": 9.574136559737321e-05,
    "black_box_exec_time": 14.301690220832825,
    "Number of params": 4538,
    "model_test_MAE": 0.00225087251358976,
    "model_test_Var": 1.5487837031294197e-07,
    "model_test_Std": 0.0003935458935282415
}