{
    "black_box_symb_quant": "\\sum_{j}(-0.5*x_i*x_j) + log(2.63 - x_i)",
    "black_box_symb": "\\sum_{j}( -0.4962014*x_i*x_j) + log(2.6315302 - x_i)",
    "black_box_symb_test_MAE": 0.0024368249966452518,
    "black_box_symb_test_Var": 9.123443566250532e-09,
    "black_box_symb_test_Std": 9.551671877870665e-05,
    "black_box_exec_time": 10.801363348960876,
    "Number of params": 4538,
    "model_test_MAE": 0.0022547676150376597,
    "model_test_Var": 1.5554461835884236e-07,
    "model_test_Std": 0.00039439145320207224
}