{
    "tss_test_mae_": 0.0990138625105222,
    "tss_test_var_": 1.0323049151655323e-05,
    "tss_test_std_": 0.0032129502255178687,
    "tss_test_mae_70db": 0.09954124689102173,
    "tss_test_var_70db": 5.92840036887458e-06,
    "tss_test_std_70db": 0.0024348306653388815,
    "tss_test_mae_50db": 0.11308030039072037,
    "tss_test_var_50db": 1.7624745905830963e-05,
    "tss_test_std_50db": 0.00419818364365245,
    "tss_test_mae_20db": 0.03507093029717604,
    "tss_test_var_20db": 1.4470365959317085e-05,
    "tss_test_std_20db": 0.0038039934226174847
}